Customer ID,First Name,Last Name,MSISDN,Gender,DateOfBirth,Home Address,City,Postal Code,HouseholdId
1000974618157,Ngozi,Berry,70056277786,Male,08/12/1999,187 CHICORY RD NE,MILLEDGEVILLE,31061,SOLOMON136165321
1000974618158,Zainab,Baker,70088471369,Female,17/09/2010,10435 N LYNN CIR APT 9,JURUPA VALLEY,91752,ORR381448574
1000974618159,Saidu,Evans,70079396487,Male,09/08/2005,2365 WOODS AVE,MONTEREY PARK,91754,MARTINEZ149657137
1000974618160,Ejiro,Walker,70094941182,Female,13/11/1990,3700 DURANGO DR,PENSACOLA,32504,DURANT172628750
1000974618161,Nura,Mann,70012208336,Male,20/02/1969,PO BOX 76,COAL CREEK,81221,FRALEY276850584
1000974618162,Tamuno,Lewis,70098523117,Female,11/05/1952,4507 TALLULAH DR,SAN ANTONIO,78218,YAMAZI183545234
1000974618163,Boma,Stewart,70053403934,Female,02/08/2002,359 S ARCHWOOD WAY,GRANTSVILLE,84029,BIANCHI171185092
1000974618164,Ifeanyi,Park,70057338578,Male,09/07/1973,,FREDERICK,21701,SERRANO358640875
1000974618165,Bala,Robbins,70051284819,Male,22/01/1991,7899 PORTOFINO CT,NAPLES,34114,GILL212988550
1000974618166,Halima,Ochoa,70052680890,Male,16/01/2003,688 S MITCHELL AVE,ELMHURST,60126,LEWANDOWSKI205608462
1000974618167,Ejiro,Griffith,70084661310,Female,08/01/1954,298 BASS LAKE RD,TRAVERSE CITY,49685,MEYERS160446329
1000974618168,Zainab,Morton,70036101192,Male,10/10/1948,916 QUINNIPIAC AVE APT 12,NEW HAVEN,6513,KIM221634308
1000974618169,Ngozi,Moreno,70005136823,Female,15/10/2003,11 ELM AVE,RIVERHEAD,11901,VELIZ258516980
1000974618170,Ngozi,Crawford,70026394884,Male,29/01/2004,110 KENTUCKY AVE,FORT LAUDERDALE,33312,HAMPTON229118834
1000974618171,Abubakar,Garner,70090290849,Male,27/12/1956,517 RUSSELL RD,HARTSVILLE,29550,PRESCOTT268440893
1000974618172,Kunle,Ford,70087631335,Male,02/09/1980,62 LINDEN ST,ROCKVILLE CENTRE,11570,HANSEN248681486
1000974618173,Tunde,Hayes,70016966561,Male,21/12/1952,7312 35TH AVE APT C56,JACKSON HEIGHTS,11372,JOVA209498725
1000974618174,David,Fletcher,70037222171,Male,05/11/1972,7250 VANESSA DR,FORT WORTH,76112,TWYMAN209043523
1000974618175,Obinna,Wright,70025476324,Male,26/06/1976,4 WHITEFIELD TER,WILMINGTON,1887,CAPONE176116961
1000974618176,Amaka,Reed,70045736279,Female,21/05/1977,1415 ALTA VISTA DR,VISTA,92084,HERRERA122059220
1000974618177,Oghene,Brown,70032371974,Male,29/08/1984,1111 HIGH KNOLL DR,MIDLOTHIAN,76065,WANN107995137
1000974618178,Shehu,Ferguson,70040665801,Male,19/06/1968,4409 LYNNVIEW DR,LOUISVILLE,40216,SCHEIDT182401536
1000974618179,Oghene,Vazquez,70003485059,Male,21/01/1971,10243 ORANGE AVE,SOUTH GATE,90280,RODRIGUEZ102884152
1000974618180,David,Johnson,70047566462,Male,18/09/1968,517 RUSSELL RD,HARTSVILLE,29550,PRESCOTT268440893
1000974618181,Ifeanyi,Brown,70064512153,Female,20/10/1961,PO BOX 778,KASILOF,99610,BRAME276904405
1000974618182,Ese,Simmons,70049113588,Male,28/05/1959,PO BOX 76,COAL CREEK,81221,FRALEY276850584
1000974618183,Maryam,Reyes,70023596974,Female,24/08/1974,446 PUTNUM FOREST RD,STOWE,5672,SKEELS183008670
1000974618184,Obinna,Sanchez,70066730952,Male,01/09/2007,4710 CHESTER AVE,KANSAS CITY,66106,BOBKI185602078
1000974618185,Boma,Franco,70062669098,Female,16/12/1982,2946 N 40TH ST,MILWAUKEE,53210,WASHINGTON240428242
1000974618186,Alabo,Davis,70095277516,Female,12/10/1977,2505 DONNA DR,GRAND PRAIRIE,75051,ATHEY152537559
1000974618187,Kunle,West,70026697407,Female,26/09/1957,8387 CALGARY DR S,MOBILE,36695,ONDERDONK216873069
1000974618188,Maryam,Terry,70016352204,Male,17/12/1961,1913 GREGORY DR,TAMPA,33613,JENNINGS235651590
1000974618189,Amina,Mosley,70001666112,Male,25/09/1951,14 TRACY DR,AGAWAM,1001,SACCO232609294
1000974618190,Shehu,Anderson,70028360288,Female,21/02/2004,7250 VANESSA DR,FORT WORTH,76112,TWYMAN209043523
1000974618191,Oghene,Mcguire,70094676342,Male,17/05/1982,,WILLOWBROOK,60527,CUSICK358652253
1000974618192,Ifeanyi,Randall,70048868730,Male,14/02/1990,9178 W WIND ST,LUMBERTON,77657,OATS221712671
1000974618193,Ifeanyi,Ruiz,70027750728,Female,30/09/2005,688 S MITCHELL AVE,ELMHURST,60126,LEWANDOWSKI205608462
1000974618194,Shehu,Randall,70095884732,Female,14/09/1976,,AVERILL PARK,12018,CHAPPLE358638420
1000974618195,Zina,Green,70059629806,Male,13/01/1962,14 TRACY DR,AGAWAM,1001,SACCO232609294
1000974618196,Chinedu,Ruiz,70005244226,Female,07/09/1980,1146 COWART RD,PIERSON,32180,MOWERY109971578
1000974618197,Ejiro,Mason,70072672616,Female,03/10/1950,3418 SENATE AVE,FORT WAYNE,46806,DAVIS168967054
1000974618198,Shehu,Hoffman,70077216290,Female,07/12/1986,4202 KEANU ST APT 4,HONOLULU,96816,KIYONO179749382
1000974618199,Abubakar,Johnson,70078583419,Male,02/04/1994,,HUNTERSVILLE,28078,BANGURA358642170
1000974618200,Grace,Walker,70012511073,Male,18/09/2001,2027 CIRCLE WAY,HANFORD,93230,VILLEGAS140817265
1000974618201,Alabo,Thompson,70067693640,Female,12/01/1954,13912 NORTHWOOD VILLAGE DR,PIEDMONT,73078,JACKSON120783687
1000974618202,Amina,Wright,70073665132,Male,25/08/1980,3700 DURANGO DR,PENSACOLA,32504,DURANT172628750
1000974618203,Bala,Christian,70079232037,Male,16/04/1956,2101 VERDE DR,GLENN HEIGHTS,75154,RIVAS142966991
1000974618204,Abubakar,Gentry,70013332828,Female,10/03/1954,,COPPERAS COVE,76522,BROOKS358657284
1000974618205,Zainab,Taylor,70028243764,Female,26/10/2005,4536 PONSARD CT UNIT 1068,NORTH LAS VEGAS,89031,CUSTODIO183915349
1000974618206,Tega,Stevens,70022390172,Female,20/11/1958,161 E REXFORD DR,NEWPORT NEWS,23608,SMITH128883464
1000974618207,Zina,Carter,70054930178,Male,06/07/1958,651 JIM MOUNTAIN RD,MILL RUN,15464,CRAIG203255344
1000974618208,Halima,Johnston,70086674327,Male,04/07/1990,1005 COLUMBIA RD,HAGERSTOWN,21742,WILLIS227319015
1000974618209,Grace,Christensen,70005698317,Female,22/10/1973,2010 W WEBSTER AVE APT 2F,CHICAGO,60647,HENSON140244247
1000974618210,Amaka,Potter,70031284523,Female,24/12/2002,3018 KANSAS CITY DR,MONROE,28110,SCHWARTZ161707575
1000974618211,Halima,Smith,70071695044,Female,27/12/1961,13315 NASSAU DR,WOODBRIDGE,22193,KHAN118851426
1000974618212,Tega,Daniels,70008276665,Male,26/06/1998,,JACKSONVILLE,62650,REISCHE358653080
1000974618213,Chinedu,Davis,70099730043,Female,22/10/1968,409 DURANT DR,FAYETTEVILLE,28304,RODGERS177873622
1000974618214,Ngozi,Brown,70078339227,Male,26/01/1998,1524 BIGGERS RD,KIOWA,74553,LABOR126222710
1000974618215,Halima,Williams,70053854697,Male,29/05/1958,43007 LEMONWOOD DR,LANCASTER,93536,MCKERN181073474
1000974618216,Amina,Payne,70086775654,Female,28/06/2001,141 ROCK RIDGE DR,SOUTH ABINGTON TOWNSHIP,18411,FARIAS121785966
1000974618217,Abubakar,Ewing,70048213711,Female,09/04/1973,47-381 HUI KOLOA PL,KANEOHE,96744,DIPALMA185410224
1000974618218,Ngozi,Henson,70005981773,Female,01/02/2005,205 BARNHILL RD,LADSON,29456,SHILLING236651549
1000974618219,Amina,Flores,70092815417,Female,25/12/1978,4702 MILWAUKEE ST,MADISON,53714,BREUNIG185497712
1000974618220,Ejiro,Ford,70019638420,Male,22/08/1999,409 DURANT DR,FAYETTEVILLE,28304,RODGERS177873622
1000974618221,Kunle,Shaw,70058995941,Female,14/01/1951,,CHARLOTTE,28273,CABALLERO358642246
1000974618222,David,Schneider,70027623728,Female,25/04/1957,4315 BAIN AVE,SANTA CRUZ,95062,RYAN181307285
1000974618223,Ejiro,Smith,70059514711,Female,10/10/1965,1 WESTBOURNE APT 4A,BRONXVILLE,10708,EPSTEIN100258689
1000974618224,Halima,Anderson,70098237891,Male,09/06/1994,5534 LORI DR,BEDFORD,44146,DOSS194568161
1000974618225,Tunde,Oliver,70046989684,Male,20/03/1975,398 LANKERSHIM AVE,HIGHLAND,92346,CALDWELL175832635
1000974618226,Ese,Obrien,70023013055,Female,11/03/2008,1630 ROWLAND AVE NE,CANTON,44705,BRADLEY129693945
1000974618227,Alabo,Keith,70076475066,Male,01/04/1946,701 SUNSET HILLS DR,MACON,63552,ATHA206765904
1000974618228,Ngozi,Hernandez,70047438483,Male,19/12/1948,130 SPENCER ST # 1,DORCHESTER CENTER,2124,FRENCH117079328
1000974618229,Ese,Flowers,70088831058,Female,16/08/1962,202 N WETHERLY DR,BEVERLY HILLS,90211,NASSIR140560477
1000974618230,Ibim,Marshall,70054088267,Female,08/10/1967,2040 ARLINGTON DR,ROSEVILLE,95747,THEOFELIS141268021
1000974618231,Tega,Medina,70019345360,Female,24/02/1995,2741 S JAY ST,DENVER,80227,SHEIH156923018
1000974618232,Nura,Mcneil,70026309183,Female,22/05/1956,2101 VERDE DR,GLENN HEIGHTS,75154,RIVAS142966991
1000974618233,Chinedu,Pitts,70012537451,Female,08/09/1983,,CUPERTINO,95014,LEPENEYRA358661243
1000974618234,Alabo,Kelly,70025111746,Male,05/03/1957,15521 SHELL POINT BLVD,FORT MYERS,33908,KAIN127181699
1000974618235,Fatima,Pennington,70093411213,Female,25/10/1993,22846 CHESTERVIEW LOOP APT 201,LAND O LAKES,34639,VANN147715014
1000974618236,Kunle,Williams,70096599619,Female,09/10/1960,4142 GRAMERCY ST,HOUSTON,77025,XUE178926151
1000974618237,Chinedu,Ortiz,70069339913,Male,29/04/1955,301 E MILTON ST,NEW FLORENCE,63363,JASPERING161436040
1000974618238,Michael,Ortiz,70051723818,Female,24/05/1986,499 NORTHSIDE CIR NW,ATLANTA,30309,GONZALEZ187938137
1000974618239,Shehu,Holt,70052474564,Female,14/11/1947,421 W BROADWAY APT 2100,LONG BEACH,90802,WATKINS179908440
1000974618240,Maryam,Velez,70097199653,Male,09/07/1951,272 HIDDEN TRACE CT,MONTEVALLO,35115,BEAVER156526632
1000974618241,Alabo,Turner,70093150683,Female,14/09/1986,5122 PENNSYLVANIA AVE,SAINT LOUIS,63111,TAYLOR190300973
1000974618242,Amina,Rivas,70017450945,Female,09/11/1964,10243 ORANGE AVE,SOUTH GATE,90280,RODRIGUEZ102884152
1000974618243,Omamuzo,Guerrero,70001392941,Male,03/09/1974,187 CHICORY RD NE,MILLEDGEVILLE,31061,SOLOMON136165321
1000974618244,Amaka,Brown,70039734036,Female,27/06/1999,510 BRYANT AVE,MAGNOLIA,8049,FUCHS268303090
1000974618245,Michael,Schultz,70020023249,Male,19/05/2006,110 KENTUCKY AVE,FORT LAUDERDALE,33312,HAMPTON229118834
1000974618246,John,Montoya,70036035018,Female,20/04/1986,5122 PENNSYLVANIA AVE,SAINT LOUIS,63111,TAYLOR190300973
1000974618247,Ngozi,Fox,70030981669,Male,19/11/1995,1524 BIGGERS RD,KIOWA,74553,LABOR126222710
1000974618248,Chinedu,Burke,70041922416,Male,25/10/1963,9178 W WIND ST,LUMBERTON,77657,OATS221712671
1000974618249,Amaka,Webb,70076823356,Male,06/04/1950,,BUENA,8310,ARROYO358637877
1000974618250,Maryam,Tucker,70055369307,Male,02/04/1995,4536 PONSARD CT UNIT 1068,NORTH LAS VEGAS,89031,CUSTODIO183915349
1000974618251,Sarah,James,70053859130,Male,06/02/1964,1111 HIGH KNOLL DR,MIDLOTHIAN,76065,WANN107995137
1000974618252,Tega,Turner,70040387474,Female,27/03/1993,5449 E WAVERLY ST,TUCSON,85712,HOLCOM193733198
1000974618253,Ese,Perez,70002529798,Female,29/06/1971,PO BOX 76,COAL CREEK,81221,FRALEY276850584
1000974618254,Tega,Murray,70068036439,Female,16/07/1976,11625 WESTRIDGE PL,LAKESIDE,92040,ZEARS110805596
1000974618255,Boma,Gonzalez,70087364283,Male,22/08/2000,367 ERIC WAY,GRANTS PASS,97526,WALSH172305516
1000974618256,Kunle,Davis,70048107346,Male,10/10/1959,911 SHILOH RIDGE RUN NW,KENNESAW,30144,WILSON221282506
1000974618257,Bola,Brown,70063277364,Female,30/03/1991,,GLENDALE,91204,CERVANTES358660288
1000974618258,Ifeanyi,Burns,70023494458,Female,12/12/1977,4702 MILWAUKEE ST,MADISON,53714,BREUNIG185497712
1000974618259,Chinedu,Barrera,70057653009,Male,02/11/1970,13494 ARTISAN CIR,PALM BEACH GARDENS,33418,YOUNG119433131
1000974618260,Zina,Fischer,70095487451,Male,13/11/1994,40 LOEFFLER RD APT TW437,BLOOMFIELD,6002,WIRSUL176183980
1000974618261,Amaka,Garcia,70098699007,Female,07/12/1987,1020 NW 41ST ST,MIAMI,33127,WALKER227815682
1000974618262,Abubakar,Holmes,70017915128,Male,23/04/2000,299 S HARRISON ST APT 2EW,EAST ORANGE,7018,BAPTISTE160544549
1000974618263,Bola,Rogers,70073286566,Male,21/10/2007,879 E DELLBROOK LN,DUNNELLON,34434,WILLS219052799
1000974618264,John,Rose,70067705268,Female,21/10/1979,7250 VANESSA DR,FORT WORTH,76112,TWYMAN209043523
1000974618265,Tamuno,Bates,70065775905,Male,31/08/1994,2027 CIRCLE WAY,HANFORD,93230,VILLEGAS140817265
1000974618266,Ibim,Richards,70086700885,Female,19/07/1979,510 STONEWAY DR NW,SALEM,97304,ALLEN189901623
1000974618267,Fatima,Blevins,70086704618,Male,17/10/1965,250 CROWN ST APT 2I,BROOKLYN,11225,OSTANE152277300
1000974618268,Bala,Smith,70087195280,Male,25/04/1964,130 SPENCER ST # 1,DORCHESTER CENTER,2124,FRENCH117079328
1000974618269,Michael,Evans,70098800264,Male,08/04/2005,139 EMERSON PL APT 101,BROOKLYN,11205,ADEOJO120688425
1000974618270,Amina,Todd,70078496610,Female,19/08/1960,879 E DELLBROOK LN,DUNNELLON,34434,WILLS219052799
1000974618271,Maryam,Smith,70001147974,Female,05/05/2007,4507 TALLULAH DR,SAN ANTONIO,78218,YAMAZI183545234
1000974618272,Bola,Garcia,70025244184,Male,25/06/1996,PO BOX 76,COAL CREEK,81221,FRALEY276850584
1000974618273,Sade,Collins,70038508514,Male,15/10/1993,1415 ALTA VISTA DR,VISTA,92084,HERRERA122059220
1000974618274,Zainab,Garcia,70040155586,Female,09/09/1972,4409 LYNNVIEW DR,LOUISVILLE,40216,SCHEIDT182401536
1000974618275,Omamuzo,Terry,70018716666,Male,12/10/1960,PO BOX 778,KASILOF,99610,BRAME276904405
1000974618276,Fatima,Lindsey,70011732245,Female,05/12/1985,1947 HIBISCUS LN,RIVIERA BEACH,33404,ROBINSON138202339
1000974618277,Tunde,Smith,70020584125,Female,06/10/1990,272 HIDDEN TRACE CT,MONTEVALLO,35115,BEAVER156526632
1000974618278,Grace,Fowler,70072076811,Male,18/10/1987,,CHARLOTTE,28273,CABALLERO358642246
1000974618279,Tega,Chen,70015259738,Female,02/06/1990,110 KENTUCKY AVE,FORT LAUDERDALE,33312,HAMPTON229118834
1000974618280,Shehu,Nguyen,70095220330,Female,11/02/1993,7249 WOLFSBORO LN,FORT WAYNE,46835,SHEEHAN208984934
1000974618281,Halima,Aguilar,70043828176,Female,22/04/2003,7250 VANESSA DR,FORT WORTH,76112,TWYMAN209043523
1000974618282,Ejiro,Ware,70082486279,Male,21/06/1957,417 HELVETIA PIKE,MILL CREEK,26280,TETER179256953
1000974618283,Ifeanyi,Clayton,70027735835,Male,07/11/2003,3041 N 2780 RD,HENNESSEY,73742,MARNEY162301613
1000974618284,Sade,Berry,70090317420,Male,01/06/1951,1105 W 51ST PL,LOS ANGELES,90037,VARGAS107493878
1000974618285,Shehu,Lee,70070979168,Female,06/03/1993,8010 SHANTUNG DR,SANTEE,92071,CASSADY214031102
1000974618286,Tamuno,Greer,70023799480,Male,26/03/1994,2098 ORANGE AVE E,SAINT PAUL,55119,THAO142571742
1000974618287,Funke,Hart,70017625952,Male,01/01/1980,,GRAND PRAIRIE,75050,LANGSTON358656742
1000974618288,Nura,Yang,70069496315,Male,19/01/1970,11 ELM AVE,RIVERHEAD,11901,VELIZ258516980
1000974618289,Oghene,Cooper,70000477789,Female,07/12/1962,3253 46TH ST,ASTORIA,11103,ARTOGLOU166404699
1000974618290,Obinna,Branch,70060847402,Female,27/09/1951,1587 PO BOX,ORANGEVALE,95662,DOMINGUEZ359978127
1000974618291,Bola,Anderson,70025790996,Male,25/05/2001,17853 STEADING RD,EDEN PRAIRIE,55347,FRISCHMON133827207
1000974618292,John,Hill,70035797678,Female,28/05/1979,272 HIDDEN TRACE CT,MONTEVALLO,35115,BEAVER156526632
1000974618293,Zina,Singh,70000441999,Female,04/11/1998,2101 VERDE DR,GLENN HEIGHTS,75154,RIVAS142966991
1000974618294,Ibim,Brown,70098322669,Male,13/07/1973,,COLUMBUS,43085,TORRES358646289
1000974618295,Saidu,Holt,70055561663,Female,30/11/1948,242 PALMER ST,FALL RIVER,2724,ANGLACE150861034
1000974618296,Amaka,Vang,70013153156,Male,12/12/1981,,PORT SULPHUR,70083,SPARACINA358655249
1000974618297,Ibim,Faulkner,70053266288,Female,08/12/2009,5 CEDAR ST,GREENBRIER,72058,MCCOLLUM281941499
1000974618298,Bala,Hood,70040170464,Female,10/06/1978,242 PALMER ST,FALL RIVER,2724,ANGLACE150861034
1000974618299,Bola,Brooks,70073086716,Female,29/08/1999,651 JIM MOUNTAIN RD,MILL RUN,15464,CRAIG203255344
1000974618300,Fatima,Wheeler,70016963954,Male,21/01/1950,446 PUTNUM FOREST RD,STOWE,5672,SKEELS183008670
1000974618301,Halima,Valencia,70081709942,Female,06/01/1961,11079 E SORREL LN,SCOTTSDALE,85259,JOSEPH107611180
1000974618302,Tamuno,Boyd,70006751736,Female,15/06/1969,7249 WOLFSBORO LN,FORT WAYNE,46835,SHEEHAN208984934
1000974618303,Chinedu,Martinez,70069376073,Female,06/05/1976,,CHINO,91710,MARY358660351
1000974618304,Ejiro,Finley,70057354706,Male,02/08/1976,75 STAPLE ST,GLENS FALLS,12801,SHUFELT210710403
1000974618305,Omamuzo,Levine,70056072675,Male,07/09/2000,246 FOLK ST,EASTON,18042,HURST151629809
1000974618306,Ejiro,Roman,70001029281,Female,28/01/1978,2505 DONNA DR,GRAND PRAIRIE,75051,ATHEY152537559
1000974618307,Tega,Mendez,70020820209,Female,30/04/1954,1755 ROCK SPRINGS RD,SAN MARCOS,92069,HUEBNER133259671
1000974618308,Tamuno,Yang,70092978088,Male,18/03/1964,3700 DURANGO DR,PENSACOLA,32504,DURANT172628750
1000974618309,Maryam,Williams,70053712665,Male,07/05/1980,446 PUTNUM FOREST RD,STOWE,5672,SKEELS183008670
1000974618310,David,Miller,70036854435,Male,11/07/2000,15521 SHELL POINT BLVD,FORT MYERS,33908,KAIN127181699
1000974618311,Ngozi,Fowler,70031116258,Female,06/01/2009,5122 PENNSYLVANIA AVE,SAINT LOUIS,63111,TAYLOR190300973
1000974618312,Ifeanyi,Garcia,70097345695,Female,07/08/1992,,YONKERS,10701,MICHAEL358638155
1000974618313,Ifeanyi,Jimenez,70028966056,Male,25/07/2008,,ALTOONA,50009,SELLERS358648875
1000974618314,Kunle,Nielsen,70048352348,Male,12/10/1997,306 DAVIS ST,CLARKSBURG,26301,DENNISON241166595
1000974618315,Oghene,Diaz,70094655528,Female,01/07/1952,87860 TERRITORIAL RD SPC 121,VENETA,97487,ROYBAL219043484
1000974618316,Michael,Wilson,70059681610,Male,03/12/1961,5534 LORI DR,BEDFORD,44146,DOSS194568161
1000974618317,Grace,Gallegos,70071477739,Female,21/03/1993,2027 CIRCLE WAY,HANFORD,93230,VILLEGAS140817265
1000974618318,Nura,Jackson,70057726632,Female,02/12/1974,1619 ARLINGTON ST,KINGMAN,86401,CANNON292260348
1000974618319,Maryam,Diaz,70058321381,Female,10/05/2006,1 WESTBOURNE APT 4A,BRONXVILLE,10708,EPSTEIN100258689
1000974618320,Oghene,Allison,70079481286,Male,20/09/1956,,KINGSTON,12401,ARSLAN358638515
1000974618321,Sade,Suarez,70078494234,Male,18/10/1975,3041 N 2780 RD,HENNESSEY,73742,MARNEY162301613
1000974618322,Ejiro,Thomas,70003980484,Female,25/01/1952,911 SHILOH RIDGE RUN NW,KENNESAW,30144,WILSON221282506
1000974618323,Abubakar,Weiss,70060279514,Female,27/01/1967,1 WESTBOURNE APT 4A,BRONXVILLE,10708,EPSTEIN100258689
1000974618324,Maryam,Dean,70074183712,Male,20/09/1990,5 CEDAR ST,GREENBRIER,72058,MCCOLLUM281941499
1000974618325,Amaka,Whitaker,70071343920,Female,05/03/1982,,YONKERS,10701,MICHAEL358638155
1000974618326,Maryam,Dixon,70075716576,Male,24/09/1993,40 LOEFFLER RD APT TW437,BLOOMFIELD,6002,WIRSUL176183980
1000974618327,Obinna,Miller,70011060816,Male,04/08/1958,75 WEAVER AVE,ANDES,13731,JELLEN364147491
1000974618328,Maryam,Soto,70089600791,Male,06/03/1984,242 PALMER ST,FALL RIVER,2724,ANGLACE150861034
1000974618329,Kunle,Jones,70003543255,Female,17/12/2009,3650 HICKORY RIDGE CT,MARIETTA,30066,CHAN172144312
1000974618330,Tamuno,Patton,70073198753,Female,25/04/1946,5449 E WAVERLY ST,TUCSON,85712,HOLCOM193733198
1000974618331,Maryam,Martinez,70076025587,Male,23/01/1955,,COLUMBUS,43085,TORRES358646289
1000974618332,Amina,Johnson,70016107526,Female,30/04/1963,,GRANTS PASS,97526,HODAPP358662023
1000974618333,Ejiro,Johnson,70035269404,Male,06/11/2003,7249 WOLFSBORO LN,FORT WAYNE,46835,SHEEHAN208984934
1000974618334,Bola,Curtis,70082343754,Female,01/08/1957,10243 ORANGE AVE,SOUTH GATE,90280,RODRIGUEZ102884152
1000974618335,Ese,Haley,70001492730,Male,27/12/1999,8223 WOODVINE CIR,LAKELAND,33810,TAYLOR215867369
1000974618336,Halima,Walker,70044517196,Female,19/09/1991,510 STONEWAY DR NW,SALEM,97304,ALLEN189901623
1000974618337,Obinna,Mills,70049854047,Male,16/10/1975,2221 CULLEN RD,GIBSONVILLE,27249,CONROY146424489
1000974618338,Ngozi,Webb,70027725989,Male,12/10/1991,4315 BAIN AVE,SANTA CRUZ,95062,RYAN181307285
1000974618339,Obinna,Young,70088407089,Female,26/02/1999,4536 PONSARD CT UNIT 1068,NORTH LAS VEGAS,89031,CUSTODIO183915349
1000974618340,Halima,Harrison,70014861098,Male,14/11/1998,22174 W LOMA LINDA BLVD,BUCKEYE,85326,BIBBEE146261381
1000974618341,Chinedu,Brown,70032532619,Male,06/05/1977,398 LANKERSHIM AVE,HIGHLAND,92346,CALDWELL175832635
1000974618342,Sade,Cruz,70076716260,Female,22/09/1989,4960 PRICE DR,SUWANEE,30024,FREER187810381
1000974618343,Zainab,Mcguire,70055431395,Male,08/04/1953,651 JIM MOUNTAIN RD,MILL RUN,15464,CRAIG203255344
1000974618344,Funke,Thomas,70091623859,Female,08/10/1962,808 PARK PL,HAMPTON,23669,MCNIDER270993769
1000974618345,Sarah,Meyer,70026873267,Male,15/11/1965,4346 JAN WAY,SAN JOSE,95124,CHEN181707076
1000974618346,Oghene,Schroeder,70052024962,Female,11/05/1992,130 SPENCER ST # 1,DORCHESTER CENTER,2124,FRENCH117079328
1000974618347,Sarah,Thomas,70084498039,Female,13/10/1949,14 TRACY DR,AGAWAM,1001,SACCO232609294
1000974618348,Obinna,Dunn,70031779835,Female,12/04/1996,75 WEAVER AVE,ANDES,13731,JELLEN364147491
1000974618349,Oghene,Munoz,70058445818,Female,05/10/1982,319 ROSS RD,GREENVILLE,45331,MORRIELLO241945232
1000974618350,Halima,Burns,70059579755,Male,15/06/1966,409 DURANT DR,FAYETTEVILLE,28304,RODGERS177873622
1000974618351,Ibim,Murphy,70073444654,Female,13/11/1989,879 E DELLBROOK LN,DUNNELLON,34434,WILLS219052799
1000974618352,Bola,Potter,70065262789,Female,07/11/1973,8387 CALGARY DR S,MOBILE,36695,ONDERDONK216873069
1000974618353,John,Morales,70010962611,Male,05/07/2007,2217 ASHLAR VLG,WALLINGFORD,6492,NETTLETON146241779
1000974618354,Saidu,Tucker,70040047106,Male,30/01/1974,,GRANTS PASS,97526,HODAPP358662023
1000974618355,John,Mcgrath,70089804711,Male,27/12/1985,651 JIM MOUNTAIN RD,MILL RUN,15464,CRAIG203255344
1000974618356,Shehu,Hays,70044889266,Female,19/12/1963,6311 HERMES DR,BAKERSFIELD,93306,GUILLEN201710285
1000974618357,Ibim,Castro,70027287253,Female,29/11/1981,9178 W WIND ST,LUMBERTON,77657,OATS221712671
1000974618358,Obinna,Patterson,70019620595,Male,14/01/1995,7249 WOLFSBORO LN,FORT WAYNE,46835,SHEEHAN208984934
1000974618359,Saidu,Munoz,70079415926,Male,01/12/1970,14403 SONNENBURG DR,CHESTER,23831,PAYNE123138465
1000974618360,Ngozi,Wood,70091148293,Female,25/03/1997,7808 EPPING LN,AUSTIN,78745,FARMER212592186
1000974618361,Bola,Miller,70016665187,Male,02/08/1960,10432 CALICO CIR,SAN DIEGO,92126,JUNGHANS104071399
1000974618362,Ngozi,Acevedo,70007934645,Female,18/06/1981,110 KENTUCKY AVE,FORT LAUDERDALE,33312,HAMPTON229118834
1000974618363,Kunle,Bird,70076133695,Female,01/09/1971,,BOCA RATON,33428,ESTEVEZ358643984
1000974618364,Ejiro,Gill,70094431462,Female,29/09/1985,10432 CALICO CIR,SAN DIEGO,92126,JUNGHANS104071399
1000974618365,Alabo,Clay,70068057188,Female,25/03/1988,13315 NASSAU DR,WOODBRIDGE,22193,KHAN118851426
1000974618366,Michael,Williams,70019933435,Female,05/09/2008,409 DURANT DR,FAYETTEVILLE,28304,RODGERS177873622
1000974618367,Zainab,Clark,70014791818,Female,26/12/1956,112 STEPHENSON BLVD,NEW ROCHELLE,10801,TURNER108559310
1000974618368,Ese,Cooper,70049351346,Female,31/05/1975,,CHINO,91710,MARY358660351
1000974618369,Grace,Figueroa,70006896549,Female,24/11/1973,4 WHITEFIELD TER,WILMINGTON,1887,CAPONE176116961
1000974618370,John,Erickson,70000418598,Male,10/07/1994,14 LEANIHI LN APT 204,KIHEI,96753,WALDRON120999862
1000974618371,Kunle,Collins,70005578203,Male,31/08/1950,130 SPENCER ST # 1,DORCHESTER CENTER,2124,FRENCH117079328
1000974618372,Zina,Dawson,70039324522,Male,15/10/1992,1020 NW 41ST ST,MIAMI,33127,WALKER227815682
1000974618373,Fatima,Scott,70037352191,Female,12/09/1989,,CHINO,91710,MARY358660351
1000974618374,Zina,Cochran,70021671034,Male,02/12/1967,3018 KANSAS CITY DR,MONROE,28110,SCHWARTZ161707575
1000974618375,Fatima,Carpenter,70039089612,Male,01/10/2008,62 LINDEN ST,ROCKVILLE CENTRE,11570,HANSEN248681486
1000974618376,Sade,Howell,70079212208,Female,30/07/1996,3253 46TH ST,ASTORIA,11103,ARTOGLOU166404699
1000974618377,Sarah,Stevens,70044876307,Female,28/05/1976,237 SARATOGA AVE,MECHANICVILLE,12118,RICCI149724920
1000974618378,Bala,Cummings,70045847948,Male,11/05/1985,7899 PORTOFINO CT,NAPLES,34114,GILL212988550
1000974618379,Grace,Carter,70089930764,Male,08/06/1991,5534 LORI DR,BEDFORD,44146,DOSS194568161
1000974618380,Ese,Stewart,70044961384,Male,10/06/1956,911 SHILOH RIDGE RUN NW,KENNESAW,30144,WILSON221282506
1000974618381,Zina,Fuller,70052380414,Female,22/01/1976,499 NORTHSIDE CIR NW,ATLANTA,30309,GONZALEZ187938137
1000974618382,John,Edwards,70028436622,Female,08/11/1948,13315 NASSAU DR,WOODBRIDGE,22193,KHAN118851426
1000974618383,Ngozi,Pierce,70099538712,Female,01/11/1955,,COPPERAS COVE,76522,BROOKS358657284
1000974618384,Sade,Smith,70058992436,Female,26/08/1946,,GRAND PRAIRIE,75050,LANGSTON358656742
1000974618385,Chinedu,Hughes,70095405143,Male,11/05/1972,76 THAMES ST,NEW LONDON,6320,KROTSIS211357914
1000974618386,John,Benjamin,70033938136,Male,29/06/1964,5 CEDAR ST,GREENBRIER,72058,MCCOLLUM281941499
1000974618387,Bala,Hardin,70072388542,Male,24/03/1995,1913 GREGORY DR,TAMPA,33613,JENNINGS235651590
1000974618388,Michael,Savage,70054324651,Male,14/07/1993,1556 ADAMS ST,ELMONT,11003,MARTINEZ127258323
1000974618389,Omamuzo,Stephenson,70095171744,Female,30/04/1957,5122 PENNSYLVANIA AVE,SAINT LOUIS,63111,TAYLOR190300973
1000974618390,Maryam,Moore,70052740620,Male,10/09/1970,3650 HICKORY RIDGE CT,MARIETTA,30066,CHAN172144312
1000974618391,John,Patel,70086257741,Female,23/11/1957,1120 DUCHESS DR,MC LEAN,22102,SEGAL108592672
1000974618392,Bala,Holt,70066790670,Female,23/07/1976,187 CHICORY RD NE,MILLEDGEVILLE,31061,SOLOMON136165321
1000974618393,Omamuzo,Roberts,70072464033,Female,02/10/1980,1524 BIGGERS RD,KIOWA,74553,LABOR126222710
1000974618394,Bala,Calhoun,70036918020,Female,04/09/1986,12817 ROCKSIDE RD,CLEVELAND,44125,SHARRIEFF116423656
1000974618395,Chinedu,Elliott,70087699899,Male,02/07/1966,,WILLOWBROOK,60527,CUSICK358652253
1000974618396,Ifeanyi,Austin,70052382093,Male,12/08/1966,3020 SW 19TH ST,FORT LAUDERDALE,33312,HARVEY240939453
1000974618397,Michael,Jones,70080860850,Male,04/08/1953,,LITTLE FALLS,7424,D358637677
1000974618398,Fatima,Foster,70013612890,Male,14/12/1956,187 CHICORY RD NE,MILLEDGEVILLE,31061,SOLOMON136165321
1000974618399,Chinedu,Yates,70019262190,Male,06/12/2001,,WILLOWBROOK,60527,CUSICK358652253
1000974618400,Boma,Peterson,70081520282,Female,16/06/1970,28029 73RD AVE NW,STANWOOD,98292,KOTTER157812225
1000974618401,Omamuzo,Jones,70036178398,Female,23/01/1960,5122 PENNSYLVANIA AVE,SAINT LOUIS,63111,TAYLOR190300973
1000974618402,Tamuno,Lawrence,70013946848,Male,11/09/2000,808 PARK PL,HAMPTON,23669,MCNIDER270993769
1000974618403,Zina,Nicholson,70013195388,Male,01/01/2001,13912 NORTHWOOD VILLAGE DR,PIEDMONT,73078,JACKSON120783687
1000974618404,Bala,Graham,70008086979,Female,20/11/1970,14 LEANIHI LN APT 204,KIHEI,96753,WALDRON120999862
1000974618405,Zainab,Blackwell,70083416592,Female,12/05/1964,299 S HARRISON ST APT 2EW,EAST ORANGE,7018,BAPTISTE160544549
1000974618406,David,Rodriguez,70042770971,Male,28/02/1985,,BOCA RATON,33428,ESTEVEZ358643984
1000974618407,Ejiro,Miller,70035261340,Female,28/07/1960,24416 STATE HWY N,AVA,65608,WHITLEY239123946
1000974618408,Alabo,Smith,70024195673,Male,25/07/1990,3018 KANSAS CITY DR,MONROE,28110,SCHWARTZ161707575
1000974618409,Omamuzo,Smith,70074528770,Male,17/03/1950,109 BANDOR CIR,HILLSBORO,62049,LUCKETT106247999
1000974618410,Sarah,Munoz,70022036219,Female,24/05/1959,604 N VISTA RD,APACHE JUNCTION,85119,JOHNSON248172934
1000974618411,Ejiro,Collins,70065223212,Female,26/04/1995,272 HIDDEN TRACE CT,MONTEVALLO,35115,BEAVER156526632
1000974618412,Amina,Johns,70090461473,Male,26/02/1993,14 TRACY DR,AGAWAM,1001,SACCO232609294
1000974618413,Obinna,Simon,70073841725,Female,14/08/1987,4507 TALLULAH DR,SAN ANTONIO,78218,YAMAZI183545234
1000974618414,Funke,Alexander,70017806371,Female,06/09/1985,319 ROSS RD,GREENVILLE,45331,MORRIELLO241945232
1000974618415,Sarah,Fritz,70003436013,Female,29/02/1956,1415 ALTA VISTA DR,VISTA,92084,HERRERA122059220
1000974618416,Saidu,Martinez,70019867980,Female,05/09/1956,109 BANDOR CIR,HILLSBORO,62049,LUCKETT106247999
1000974618417,Nura,Hunter,70088894273,Male,24/08/1953,2741 S JAY ST,DENVER,80227,SHEIH156923018
1000974618418,Ejiro,Mendoza,70017967528,Female,05/06/2000,28029 73RD AVE NW,STANWOOD,98292,KOTTER157812225
1000974618419,Michael,Peterson,70017701356,Male,05/09/1981,,GRANTS PASS,97526,HODAPP358662023
1000974618420,Tamuno,Diaz,70082382295,Male,04/02/1985,159 HAMPSHIRE RD,ESSEX,21221,DRURY233925206
1000974618421,Michael,Rodriguez,70084821556,Female,05/05/1997,1524 BIGGERS RD,KIOWA,74553,LABOR126222710
1000974618422,John,Benson,70079360240,Male,03/06/1996,11625 WESTRIDGE PL,LAKESIDE,92040,ZEARS110805596
1000974618423,Tega,Cooper,70004052141,Female,25/08/2001,15521 SHELL POINT BLVD,FORT MYERS,33908,KAIN127181699
1000974618424,Fatima,Lewis,70084165643,Male,04/08/1981,11079 E SORREL LN,SCOTTSDALE,85259,JOSEPH107611180
1000974618425,Bola,Duffy,70070373569,Female,25/12/1949,1146 COWART RD,PIERSON,32180,MOWERY109971578
1000974618426,Zina,Gallegos,70044244337,Female,11/07/1995,202 N WETHERLY DR,BEVERLY HILLS,90211,NASSIR140560477
1000974618427,Zainab,Rogers,70013008019,Female,21/05/1950,,COLUMBUS,43085,TORRES358646289
1000974618428,Ngozi,Dunn,70065382676,Female,24/08/1976,2770 COLD SATURDAY DR,FINKSBURG,21048,WILSON157290553
1000974618429,Amaka,Johnson,70038417373,Female,23/03/1970,272 HIDDEN TRACE CT,MONTEVALLO,35115,BEAVER156526632
1000974618430,Alabo,Carlson,70086014801,Female,29/03/1968,,AVERILL PARK,12018,CHAPPLE358638420
1000974618431,Grace,Brock,70079698212,Female,09/09/1953,2040 ARLINGTON DR,ROSEVILLE,95747,THEOFELIS141268021
1000974618432,Tamuno,Ortiz,70072179322,Male,28/05/2001,,ALTOONA,50009,SELLERS358648875
1000974618433,Alabo,Chavez,70076869509,Male,13/12/1958,2248 WILLOW TREE DR,BRIGHTON,48116,WILSON147027731
1000974618434,Sarah,Ballard,70018507606,Female,25/03/2000,22174 W LOMA LINDA BLVD,BUCKEYE,85326,BIBBEE146261381
1000974618435,Funke,Shaffer,70010553549,Female,27/09/2006,10435 N LYNN CIR APT 9,JURUPA VALLEY,91752,ORR381448574
1000974618436,Maryam,Gates,70069319547,Male,17/09/1966,2770 BARDIN RD APT 11110,GRAND PRAIRIE,75052,RIOS157289458
1000974618437,David,George,70061940206,Female,28/07/2009,7250 VANESSA DR,FORT WORTH,76112,TWYMAN209043523
1000974618438,Omamuzo,Rivera,70088115812,Female,25/12/1962,,LITTLE FALLS,7424,D358637677
1000974618439,Grace,Chaney,70049359650,Male,24/03/1986,,WILLOWBROOK,60527,CUSICK358652253
1000974618440,Sade,Ryan,70094521315,Male,22/09/1976,109 BANDOR CIR,HILLSBORO,62049,LUCKETT106247999
1000974618441,Halima,Mahoney,70018647381,Female,13/11/2006,5534 LORI DR,BEDFORD,44146,DOSS194568161
1000974618442,Ese,Rose,70054480057,Male,24/03/1990,159 HAMPSHIRE RD,ESSEX,21221,DRURY233925206
1000974618443,John,Jones,70062434194,Male,07/01/1991,,AVERILL PARK,12018,CHAPPLE358638420
1000974618444,Ese,Bailey,70003630388,Male,11/07/1966,4536 PONSARD CT UNIT 1068,NORTH LAS VEGAS,89031,CUSTODIO183915349
1000974618445,David,Higgins,70044544116,Female,12/09/1966,3149 BROOKWOOD DR APT B,MACON,31204,PATRICK164445690
1000974618446,Ejiro,Scott,70009436603,Male,11/04/1980,916 BEVERLY DR,SPARTANBURG,29303,ANDERSON252333053
1000974618447,Bola,Spencer,70019455960,Male,20/03/1994,22846 CHESTERVIEW LOOP APT 201,LAND O LAKES,34639,VANN147715014
1000974618448,Grace,Davis,70085610124,Male,04/09/2000,3018 KANSAS CITY DR,MONROE,28110,SCHWARTZ161707575
1000974618449,Kunle,Fuller,70045478415,Male,02/05/1983,2098 ORANGE AVE E,SAINT PAUL,55119,THAO142571742
1000974618450,Ibim,Wilkerson,70008112026,Female,12/08/1997,8387 CALGARY DR S,MOBILE,36695,ONDERDONK216873069
1000974618451,Boma,Knight,70050618840,Male,13/06/1969,2040 ARLINGTON DR,ROSEVILLE,95747,THEOFELIS141268021
1000974618452,Tunde,Wallace,70022987635,Male,07/02/1972,,LITTLE FALLS,7424,D358637677
1000974618453,Maryam,Walker,70012934654,Male,14/07/1999,2040 ARLINGTON DR,ROSEVILLE,95747,THEOFELIS141268021
1000974618454,Bola,Castro,70093652028,Male,23/12/1962,8010 SHANTUNG DR,SANTEE,92071,CASSADY214031102
1000974618455,Sade,Shepard,70085378109,Male,11/09/1971,10432 CALICO CIR,SAN DIEGO,92126,JUNGHANS104071399
1000974618456,Alabo,Cortez,70057959763,Male,22/07/1946,,STATEN ISLAND,10306,MUNIZ358638072
1000974618457,Chinedu,Hoffman,70097489855,Female,29/10/1959,2098 ORANGE AVE E,SAINT PAUL,55119,THAO142571742
1000974618458,Sarah,Flores,70048424056,Male,22/12/1979,1146 COWART RD,PIERSON,32180,MOWERY109971578
1000974618459,Alabo,Guerra,70057722342,Male,02/10/1992,2248 WILLOW TREE DR,BRIGHTON,48116,WILSON147027731
1000974618460,Obinna,Ballard,70099803837,Female,19/12/1974,40 LOEFFLER RD APT TW437,BLOOMFIELD,6002,WIRSUL176183980
1000974618461,Fatima,Freeman,70098452097,Male,16/04/1977,2040 ARLINGTON DR,ROSEVILLE,95747,THEOFELIS141268021
1000974618462,Ejiro,Barker,70007145044,Female,20/12/1997,1739 SE LOGANBERRY ST,DALLAS,97338,KANNARR132829969
1000974618463,Maryam,Hernandez,70025258226,Female,21/12/1968,,CHINO,91710,MARY358660351
1000974618464,Omamuzo,King,70025749824,Male,08/11/2007,5449 E WAVERLY ST,TUCSON,85712,HOLCOM193733198
1000974618465,Obinna,Anderson,70064957184,Female,29/01/1956,701 MILL ST LOT 46,NORTH LEWISBURG,43060,YOUNG206732336
1000974618466,Shehu,Rogers,70012065030,Male,21/06/1970,4315 BAIN AVE,SANTA CRUZ,95062,RYAN181307285
1000974618467,Zainab,Shaw,70074192665,Male,25/12/1981,,COPPERAS COVE,76522,BROOKS358657284
1000974618468,John,Martinez,70055981606,Male,12/01/1993,13494 ARTISAN CIR,PALM BEACH GARDENS,33418,YOUNG119433131
1000974618469,Fatima,Powell,70035110399,Female,04/12/2002,5756 DUNRAVEN TRL,FORT WORTH,76244,REYES196327707
1000974618470,Omamuzo,Perez,70099287257,Male,17/08/1970,15521 SHELL POINT BLVD,FORT MYERS,33908,KAIN127181699
1000974618471,Omamuzo,Schwartz,70094050889,Female,25/05/2004,,CHINO,91710,MARY358660351
1000974618472,Alabo,Jackson,70072568447,Male,17/02/1999,,PORT SULPHUR,70083,SPARACINA358655249
1000974618473,Amina,Nguyen,70016662588,Male,25/03/1995,62 LINDEN ST,ROCKVILLE CENTRE,11570,HANSEN248681486
1000974618474,Amina,Taylor,70047878296,Male,06/04/1992,1587 MAURICE LN APT 2,SAN JOSE,95129,WRIGHT127958458
1000974618475,Tunde,Terry,70088671487,Female,31/03/1952,22846 CHESTERVIEW LOOP APT 201,LAND O LAKES,34639,VANN147715014
1000974618476,Chinedu,Krueger,70047542511,Female,15/07/2010,47-381 HUI KOLOA PL,KANEOHE,96744,DIPALMA185410224
1000974618477,Maryam,Rhodes,70091740332,Male,10/06/1968,2040 ARLINGTON DR,ROSEVILLE,95747,THEOFELIS141268021
1000974618478,Kunle,Liu,70005737394,Male,23/01/1973,1609 S MADALINE TER,SPRINGFIELD,65804,COLLINS128854891
1000974618479,Saidu,Anderson,70083398045,Female,13/03/1965,359 S ARCHWOOD WAY,GRANTSVILLE,84029,BIANCHI171185092
1000974618480,Ibim,Harrison,70034822368,Female,11/11/2005,300 GRAND ST APT 226,HOBOKEN,7030,TEIBEL161010141
1000974618481,Funke,Francis,70071963881,Female,05/12/1988,3253 46TH ST,ASTORIA,11103,ARTOGLOU166404699
1000974618482,David,Ward,70038950293,Female,26/02/1968,4710 CHESTER AVE,KANSAS CITY,66106,BOBKI185602078
1000974618483,Omamuzo,Miller,70052853724,Male,23/04/1989,7190 CHANTILLEY CT,SAN JOSE,95139,FRASER208428442
1000974618484,Fatima,Carter,70000637271,Male,11/10/1972,1587 PO BOX,ORANGEVALE,95662,DOMINGUEZ359978127
1000974618485,Maryam,Patterson,70038755007,Male,28/08/1969,300 GRAND ST APT 226,HOBOKEN,7030,TEIBEL161010141
1000974618486,Chinedu,Reynolds,70083821330,Male,05/08/1968,10432 CALICO CIR,SAN DIEGO,92126,JUNGHANS104071399
1000974618487,Ifeanyi,Cunningham,70014631262,Male,18/10/1976,,CHINO,91710,MARY358660351
1000974618488,David,Crosby,70020615115,Male,29/03/1954,,YONKERS,10701,MICHAEL358638155
1000974618489,Obinna,Thomas,70025415249,Female,04/01/1977,1630 ROWLAND AVE NE,CANTON,44705,BRADLEY129693945
1000974618490,Zina,Valenzuela,70072787828,Female,05/04/1989,,GRANTS PASS,97526,HODAPP358662023
1000974618491,Omamuzo,Holmes,70077333025,Male,15/05/2002,651 JIM MOUNTAIN RD,MILL RUN,15464,CRAIG203255344
1000974618492,Zina,Diaz,70023209185,Female,11/08/1969,911 SHILOH RIDGE RUN NW,KENNESAW,30144,WILSON221282506
1000974618493,Alabo,Baker,70037515653,Female,10/05/1985,3880 KLAMATH WAY,NAPA,94558,BOGARIN174759411
1000974618494,Sade,Mercer,70081095746,Male,06/10/1963,187 CHICORY RD NE,MILLEDGEVILLE,31061,SOLOMON136165321
1000974618495,Ese,Harper,70008619926,Female,17/11/1962,28029 73RD AVE NW,STANWOOD,98292,KOTTER157812225
1000974618496,Abubakar,Mcknight,70062269271,Male,26/04/1994,4148 E BROOKS ST,GILBERT,85296,BRUNTON178965255
1000974618497,Boma,Anderson,70036540442,Female,27/04/1987,1524 BIGGERS RD,KIOWA,74553,LABOR126222710
1000974618498,Michael,Smith,70079646473,Female,27/01/1976,,CHINO,91710,MARY358660351
1000974618499,Zainab,Compton,70078526639,Male,10/05/1951,28029 73RD AVE NW,STANWOOD,98292,KOTTER157812225
1000974618500,Ibim,Mills,70007111508,Female,21/12/1965,,PORT SULPHUR,70083,SPARACINA358655249
1000974618501,Zainab,Rivera,70075508449,Female,28/08/1978,14 TRACY DR,AGAWAM,1001,SACCO232609294
1000974618502,Bola,Patterson,70018032085,Male,10/05/1967,3020 SW 19TH ST,FORT LAUDERDALE,33312,HARVEY240939453
1000974618503,Sade,Brown,70077090362,Male,18/12/1977,110 KENTUCKY AVE,FORT LAUDERDALE,33312,HAMPTON229118834
1000974618504,Abubakar,Martin,70089573216,Female,16/03/1953,4536 PONSARD CT UNIT 1068,NORTH LAS VEGAS,89031,CUSTODIO183915349
1000974618505,Bala,Gibson,70056773313,Female,30/06/1967,3880 KLAMATH WAY,NAPA,94558,BOGARIN174759411
1000974618506,Oghene,Winters,70080469343,Female,19/04/1982,4507 TALLULAH DR,SAN ANTONIO,78218,YAMAZI183545234
1000974618507,Chinedu,Smith,70048894660,Male,25/10/1994,801 64TH AVE S,SAINT PETERSBURG,33705,GILES213934121
1000974618508,Omamuzo,Juarez,70036194215,Female,13/10/1968,159 HAMPSHIRE RD,ESSEX,21221,DRURY233925206
1000974618509,Fatima,Webb,70044235926,Female,04/06/1997,30 ALLEN RD,BROOKFIELD,1506,THOMO240616220
1000974618510,Obinna,Andrews,70030351014,Male,30/09/1968,8223 WOODVINE CIR,LAKELAND,33810,TAYLOR215867369
1000974618511,Sade,Donaldson,70010749329,Female,07/08/1999,1105 W 51ST PL,LOS ANGELES,90037,VARGAS107493878
1000974618512,Omamuzo,Alexander,70080967106,Female,24/08/1997,,GARDENA,90247,ARIAS358660188
1000974618513,Maryam,Harmon,70079796022,Female,03/02/1947,1587 PO BOX,ORANGEVALE,95662,DOMINGUEZ359978127
1000974618514,Kunle,Myers,70074850425,Female,21/02/2006,1020 NW 41ST ST,MIAMI,33127,WALKER227815682
1000974618515,Kunle,Brady,70039782761,Female,22/02/1997,1504 N STATE ST,NEW ULM,56073,SCHROEPFER233501867
1000974618516,Bola,Carpenter,70042023911,Male,12/06/1988,1712 GOAT ISLAND RD,LONG ISLAND,24569,YODER132005199
1000974618517,Bola,Meadows,70007061588,Female,24/06/1993,237 SARATOGA AVE,MECHANICVILLE,12118,RICCI149724920
1000974618518,Abubakar,Rodriguez,70051041015,Male,02/10/1957,4202 KEANU ST APT 4,HONOLULU,96816,KIYONO179749382
1000974618519,Oghene,Bush,70014398924,Male,08/09/1957,879 E DELLBROOK LN,DUNNELLON,34434,WILLS219052799
1000974618520,Grace,Wilkerson,70095779140,Male,03/04/1988,8223 WOODVINE CIR,LAKELAND,33810,TAYLOR215867369
1000974618521,Grace,Salas,70022957887,Male,22/06/1996,8223 WOODVINE CIR,LAKELAND,33810,TAYLOR215867369
1000974618522,Ibim,Adams,70028862370,Male,14/09/1985,2505 DONNA DR,GRAND PRAIRIE,75051,ATHEY152537559
1000974618523,Oghene,Oliver,70056604925,Female,20/06/1976,2101 VERDE DR,GLENN HEIGHTS,75154,RIVAS142966991
1000974618524,Nura,Oconnell,70012133127,Male,23/04/1973,2650 N LAKEVIEW AVE STE 4,CHICAGO,60614,BATOVA SHER155361496
1000974618525,Chinedu,Christian,70019403506,Male,07/01/2009,1609 S MADALINE TER,SPRINGFIELD,65804,COLLINS128854891
1000974618526,Funke,Carlson,70088605167,Male,03/12/1952,2770 COLD SATURDAY DR,FINKSBURG,21048,WILSON157290553
1000974618527,Sarah,Woods,70032451811,Female,05/06/2006,2741 S JAY ST,DENVER,80227,SHEIH156923018
1000974618528,Michael,Jacobs,70084024031,Male,26/11/1964,879 E DELLBROOK LN,DUNNELLON,34434,WILLS219052799
1000974618529,David,Murphy,70026299142,Male,01/04/1996,843 CAREY DR,ROCK HILL,29732,GONZALES217208689
1000974618530,Ifeanyi,Cooper,70098539456,Female,05/06/1950,7249 WOLFSBORO LN,FORT WAYNE,46835,SHEEHAN208984934
1000974618531,Kunle,Manning,70070293051,Female,05/09/1997,509 E 4TH ST,WAVERLY,45690,LAWSON246531331
1000974618532,Nura,Rodriguez,70011243448,Female,07/11/1968,1712 GOAT ISLAND RD,LONG ISLAND,24569,YODER132005199
1000974618533,Sade,George,70026126473,Female,31/12/1992,12817 ROCKSIDE RD,CLEVELAND,44125,SHARRIEFF116423656
1000974618534,Shehu,Torres,70011523052,Female,06/01/1984,,FREDERICK,21701,SERRANO358640875
1000974618535,Grace,Walsh,70012923159,Female,05/09/1992,149 TREASURE PALM DR,PANAMA CITY,32408,DARRELL124536826
1000974618536,Tega,Cervantes,70046564096,Male,03/02/1996,149 TREASURE PALM DR,PANAMA CITY,32408,DARRELL124536826
1000974618537,Bala,Dunn,70036781005,Male,05/01/1982,,COPPERAS COVE,76522,BROOKS358657284
1000974618538,Ejiro,Gonzalez,70063874085,Male,14/05/1961,879 E DELLBROOK LN,DUNNELLON,34434,WILLS219052799
1000974618539,Ibim,Schwartz,70099440222,Male,22/02/1993,17853 STEADING RD,EDEN PRAIRIE,55347,FRISCHMON133827207
1000974618540,Abubakar,Hayes,70012133292,Female,06/03/1948,2741 S JAY ST,DENVER,80227,SHEIH156923018
1000974618541,Ibim,Ballard,70071447140,Male,10/02/1988,,CUPERTINO,95014,LEPENEYRA358661243
1000974618542,John,Nielsen,70060361690,Male,16/12/1995,PO BOX 76,COAL CREEK,81221,FRALEY276850584
1000974618543,Oghene,Pacheco,70066449005,Female,09/04/1990,1630 ROWLAND AVE NE,CANTON,44705,BRADLEY129693945
1000974618544,Ngozi,Johnson,70077714728,Male,21/08/1965,13912 NORTHWOOD VILLAGE DR,PIEDMONT,73078,JACKSON120783687
1000974618545,Sarah,Perry,70031527821,Female,16/12/1996,,BINGHAMTON,13901,BROBST358638964
1000974618546,Amaka,Shannon,70038520623,Female,21/02/1954,5449 E WAVERLY ST,TUCSON,85712,HOLCOM193733198
1000974618547,Nura,Delgado,70031176471,Male,04/07/1971,3253 46TH ST,ASTORIA,11103,ARTOGLOU166404699
1000974618548,Bola,Vincent,70000957782,Male,27/11/1985,1120 DUCHESS DR,MC LEAN,22102,SEGAL108592672
1000974618549,Ifeanyi,Adkins,70087021961,Male,01/08/1984,22846 CHESTERVIEW LOOP APT 201,LAND O LAKES,34639,VANN147715014
1000974618550,Sarah,Oconnor,70021019235,Female,20/07/1983,1619 ARLINGTON ST,KINGMAN,86401,CANNON292260348
1000974618551,Ibim,Soto,70086389200,Male,29/09/1996,3020 SW 19TH ST,FORT LAUDERDALE,33312,HARVEY240939453
1000974618552,Maryam,Buck,70052504331,Female,19/07/1954,13315 NASSAU DR,WOODBRIDGE,22193,KHAN118851426
1000974618553,Zainab,Soto,70074512709,Female,30/05/1959,,PORT SULPHUR,70083,SPARACINA358655249
1000974618554,Grace,Thompson,70071535673,Male,17/01/1981,510 STONEWAY DR NW,SALEM,97304,ALLEN189901623
1000974618555,Obinna,Daniels,70092994010,Male,05/12/1972,,YONKERS,10701,MICHAEL358638155
1000974618556,Boma,Burns,70054129235,Female,16/02/1995,1630 ROWLAND AVE NE,CANTON,44705,BRADLEY129693945
1000974618557,Grace,Snyder,70002008694,Female,28/03/1955,2027 CIRCLE WAY,HANFORD,93230,VILLEGAS140817265
1000974618558,Abubakar,Lane,70092837977,Male,21/01/1969,15521 SHELL POINT BLVD,FORT MYERS,33908,KAIN127181699
1000974618559,Oghene,Bartlett,70022396373,Male,02/01/2003,1947 HIBISCUS LN,RIVIERA BEACH,33404,ROBINSON138202339
1000974618560,David,Giles,70044966610,Female,26/07/1969,701 SUNSET HILLS DR,MACON,63552,ATHA206765904
1000974618561,Ngozi,Williams,70036577868,Male,07/03/1948,159 HAMPSHIRE RD,ESSEX,21221,DRURY233925206
1000974618562,Maryam,Anthony,70027817483,Male,27/04/1959,3253 46TH ST,ASTORIA,11103,ARTOGLOU166404699
1000974618563,Maryam,Blankenship,70027513642,Female,14/02/1946,1415 ALTA VISTA DR,VISTA,92084,HERRERA122059220
1000974618564,Zina,Hernandez,70008534942,Female,04/02/1976,3041 N 2780 RD,HENNESSEY,73742,MARNEY162301613
1000974618565,Boma,Johnson,70019706926,Male,25/05/1958,9178 W WIND ST,LUMBERTON,77657,OATS221712671
1000974618566,Boma,Sanchez,70022110132,Male,26/10/2006,109 BANDOR CIR,HILLSBORO,62049,LUCKETT106247999
1000974618567,Ese,Miller,70069921853,Female,12/10/1972,7312 35TH AVE APT C56,JACKSON HEIGHTS,11372,JOVA209498725
1000974618568,Tega,Stokes,70002027274,Female,20/03/1961,651 JIM MOUNTAIN RD,MILL RUN,15464,CRAIG203255344
1000974618569,John,Smith,70093696759,Male,06/03/1979,14 LEANIHI LN APT 204,KIHEI,96753,WALDRON120999862
1000974618570,Saidu,Smith,70091647964,Female,19/10/1961,1986 BENFORD ST,MEMPHIS,38109,THOMAS138868898
1000974618571,Maryam,Becker,70071948942,Female,12/09/1984,205 BARNHILL RD,LADSON,29456,SHILLING236651549
1000974618572,Amina,Ortega,70088033148,Male,13/02/1977,3418 SENATE AVE,FORT WAYNE,46806,DAVIS168967054
1000974618573,Ese,Mathis,70086025819,Male,12/10/2000,87860 TERRITORIAL RD SPC 121,VENETA,97487,ROYBAL219043484
1000974618574,Chinedu,West,70081292206,Male,20/10/1957,3149 BROOKWOOD DR APT B,MACON,31204,PATRICK164445690
1000974618575,Amina,Skinner,70002828426,Female,27/11/1995,,STATEN ISLAND,10306,MUNIZ358638072
1000974618576,Funke,Lawson,70096224832,Male,19/08/1973,3880 KLAMATH WAY,NAPA,94558,BOGARIN174759411
1000974618577,Kunle,Cooper,70017690893,Male,14/01/1998,112 STEPHENSON BLVD,NEW ROCHELLE,10801,TURNER108559310
1000974618578,Amina,Espinoza,70065053336,Female,30/10/1946,1415 ALTA VISTA DR,VISTA,92084,HERRERA122059220
1000974618579,Saidu,Whitehead,70091021485,Female,11/12/1977,604 N VISTA RD,APACHE JUNCTION,85119,JOHNSON248172934
1000974618580,John,Williams,70061983222,Female,06/02/1977,,COLUMBUS,43085,TORRES358646289
1000974618581,Michael,Santana,70078806543,Male,07/03/1976,8387 CALGARY DR S,MOBILE,36695,ONDERDONK216873069
1000974618582,Abubakar,Bullock,70091771533,Female,04/08/1995,,GRANTS PASS,97526,HODAPP358662023
1000974618583,Alabo,Young,70049808378,Male,25/08/1969,246 FOLK ST,EASTON,18042,HURST151629809
1000974618584,Chinedu,Ramos,70067012450,Male,02/06/1959,3020 SW 19TH ST,FORT LAUDERDALE,33312,HARVEY240939453
1000974618585,Ifeanyi,Zimmerman,70031592534,Female,01/05/1972,4960 PRICE DR,SUWANEE,30024,FREER187810381
1000974618586,John,Carter,70011754385,Male,02/06/1976,2040 ARLINGTON DR,ROSEVILLE,95747,THEOFELIS141268021
1000974618587,Grace,Williams,70024343587,Female,21/01/2000,916 BEVERLY DR,SPARTANBURG,29303,ANDERSON252333053
1000974618588,Sade,Johnson,70072973007,Male,03/11/2001,1120 DUCHESS DR,MC LEAN,22102,SEGAL108592672
1000974618589,Bola,Wright,70066675248,Female,18/04/2000,6311 HERMES DR,BAKERSFIELD,93306,GUILLEN201710285
1000974618590,Boma,Shah,70005804748,Female,18/01/2008,15521 SHELL POINT BLVD,FORT MYERS,33908,KAIN127181699
1000974618591,Ejiro,Wagner,70058896638,Male,01/04/1960,40 LOEFFLER RD APT TW437,BLOOMFIELD,6002,WIRSUL176183980
1000974618592,Halima,Lambert,70068508711,Male,07/10/1955,5122 PENNSYLVANIA AVE,SAINT LOUIS,63111,TAYLOR190300973
1000974618593,Grace,Hudson,70049514771,Female,15/12/1950,,BUFFALO GROVE,60089,MASON358652092
1000974618594,Abubakar,Ryan,70074234422,Female,10/02/2006,76 THAMES ST,NEW LONDON,6320,KROTSIS211357914
1000974618595,Funke,Chung,70097899107,Male,09/12/1990,2217 ASHLAR VLG,WALLINGFORD,6492,NETTLETON146241779
1000974618596,Fatima,Curtis,70042423003,Female,18/05/1974,38 SLATE CREEK DR APT 2,BUFFALO,14227,FULLER173770529
1000974618597,Sade,Baker,70070474825,Female,15/02/2008,1712 GOAT ISLAND RD,LONG ISLAND,24569,YODER132005199
1000974618598,Saidu,Jackson,70086655899,Male,07/04/1967,76 THAMES ST,NEW LONDON,6320,KROTSIS211357914
1000974618599,Michael,Madden,70042846530,Male,16/02/1997,1504 N STATE ST,NEW ULM,56073,SCHROEPFER233501867
1000974618600,Tunde,Fuller,70086759014,Female,17/01/1979,87860 TERRITORIAL RD SPC 121,VENETA,97487,ROYBAL219043484
1000974618601,Boma,Baker,70075126866,Female,25/10/1958,843 CAREY DR,ROCK HILL,29732,GONZALES217208689
1000974618602,Amina,Diaz,70063684097,Female,22/08/1955,22174 W LOMA LINDA BLVD,BUCKEYE,85326,BIBBEE146261381
1000974618603,Maryam,Martin,70057308293,Male,04/10/1970,2770 COLD SATURDAY DR,FINKSBURG,21048,WILSON157290553
1000974618604,Alabo,Bradley,70090776664,Male,20/09/1966,5 CEDAR ST,GREENBRIER,72058,MCCOLLUM281941499
1000974618605,Ejiro,Martin,70003638578,Female,30/12/1977,1630 ROWLAND AVE NE,CANTON,44705,BRADLEY129693945
1000974618606,Ejiro,Brown,70008039303,Female,13/10/1959,2946 N 40TH ST,MILWAUKEE,53210,WASHINGTON240428242
1000974618607,Grace,Bell,70014362504,Male,10/10/1952,14 TRACY DR,AGAWAM,1001,SACCO232609294
1000974618608,Ifeanyi,Smith,70078161983,Female,18/10/1963,3041 N 2780 RD,HENNESSEY,73742,MARNEY162301613
1000974618609,Abubakar,Ross,70030383766,Female,17/03/1983,,GARDENA,90247,ARIAS358660188
1000974618610,Alabo,Escobar,70009011692,Female,12/04/1967,10243 ORANGE AVE,SOUTH GATE,90280,RODRIGUEZ102884152
1000974618611,Ibim,Hunter,70010344450,Female,08/10/1961,7808 EPPING LN,AUSTIN,78745,FARMER212592186
1000974618612,David,Boone,70090317805,Male,08/01/2004,,COLUMBUS,43085,TORRES358646289
1000974618613,Halima,Matthews,70017560648,Female,12/06/1954,409 DURANT DR,FAYETTEVILLE,28304,RODGERS177873622
1000974618614,Sarah,Gordon,70030309678,Female,15/05/1970,10432 CALICO CIR,SAN DIEGO,92126,JUNGHANS104071399
1000974618615,Sade,Wagner,70039106614,Male,25/09/1969,13494 ARTISAN CIR,PALM BEACH GARDENS,33418,YOUNG119433131
1000974618616,Halima,Adams,70080029578,Female,11/08/1947,10432 CALICO CIR,SAN DIEGO,92126,JUNGHANS104071399
1000974618617,Amaka,Jackson,70011893626,Female,26/08/1972,4960 PRICE DR,SUWANEE,30024,FREER187810381
1000974618618,Alabo,Moreno,70094989674,Female,23/04/2005,1105 W 51ST PL,LOS ANGELES,90037,VARGAS107493878
1000974618619,David,Park,70055788149,Male,27/09/2002,319 ROSS RD,GREENVILLE,45331,MORRIELLO241945232
1000974618620,Zainab,Lam,70053416205,Female,21/07/1979,2098 ORANGE AVE E,SAINT PAUL,55119,THAO142571742
1000974618621,Ifeanyi,Ballard,70084562672,Male,01/01/1951,1947 HIBISCUS LN,RIVIERA BEACH,33404,ROBINSON138202339
1000974618622,Ejiro,Stewart,70036210339,Female,05/03/2006,,ALTOONA,50009,SELLERS358648875
1000974618623,Kunle,Goodwin,70080686340,Male,22/09/1994,250 CROWN ST APT 2I,BROOKLYN,11225,OSTANE152277300
1000974618624,Sade,Reed,70005693480,Female,08/07/1969,10243 ORANGE AVE,SOUTH GATE,90280,RODRIGUEZ102884152
1000974618625,Ngozi,Chan,70083883065,Female,30/11/1950,1504 N STATE ST,NEW ULM,56073,SCHROEPFER233501867
1000974618626,Alabo,Anderson,70059054292,Male,01/09/1995,4346 JAN WAY,SAN JOSE,95124,CHEN181707076
1000974618627,Tamuno,Hudson,70088670249,Male,21/06/1998,3880 KLAMATH WAY,NAPA,94558,BOGARIN174759411
1000974618628,Kunle,Gilmore,70016838800,Female,27/01/1986,1495 ADAMS PL,LOUISVILLE,80027,LEINBERGER124652304
1000974618629,Oghene,Wilson,70027143098,Male,26/06/1985,,BINGHAMTON,13901,BROBST358638964
1000974618630,Nura,Cox,70023644016,Male,05/10/1981,843 CAREY DR,ROCK HILL,29732,GONZALES217208689
1000974618631,Funke,Smith,70066752725,Female,27/10/1996,272 HIDDEN TRACE CT,MONTEVALLO,35115,BEAVER156526632
1000974618632,Tega,Kim,70067810698,Male,26/03/1979,28029 73RD AVE NW,STANWOOD,98292,KOTTER157812225
1000974618633,Tega,Fischer,70011778119,Female,25/12/1984,110 KENTUCKY AVE,FORT LAUDERDALE,33312,HAMPTON229118834
1000974618634,Halima,Martin,70013577273,Female,11/12/2005,13912 NORTHWOOD VILLAGE DR,PIEDMONT,73078,JACKSON120783687
1000974618635,Kunle,Brown,70097335065,Female,03/07/1989,300 GRAND ST APT 226,HOBOKEN,7030,TEIBEL161010141
1000974618636,Grace,Matthews,70043507090,Female,06/10/1950,398 LANKERSHIM AVE,HIGHLAND,92346,CALDWELL175832635
1000974618637,Saidu,Baker,70027124121,Male,17/09/2000,,YONKERS,10701,MICHAEL358638155
1000974618638,Shehu,Harris,70023849017,Female,20/06/1954,446 PUTNUM FOREST RD,STOWE,5672,SKEELS183008670
1000974618639,Tega,Hood,70073864947,Female,02/11/1985,1739 SE LOGANBERRY ST,DALLAS,97338,KANNARR132829969
1000974618640,Oghene,Hamilton,70028744037,Male,09/10/1959,4148 E BROOKS ST,AVERILL PARK,12018,CHAPPLE358638420
1000974618641,Cesar,Hill,70028744038,Male,08/12/1999,1524 BIGGERS RD,MILLEDGEVILLE,12019,70022019
1000974618642,Mary,Benson,70028744039,Female,17/09/2010,187 CHICORY RD NE,JURUPA VALLEY,12020,70022020
1000974618643,Charles,Becker,70028744040,Male,09/08/2005,1630 ROWLAND AVE NE,MONTEREY PARK,12021,70022021
1000974618644,Gloria,Ward,70028744041,Female,13/11/1990,7808 EPPING LN,PENSACOLA,12022,70022022
1000974618645,Tiamae,Patterson,70028744042,Male,20/02/1969,3020 SW 19TH ST,COAL CREEK,12023,70022023
1000974618646,Carol,Guerra,70028744043,Female,11/05/1952,2101 VERDE DR,SAN ANTONIO,12024,70022024
1000974618647,Lisa,Lindsey,70028744044,Female,02/08/2002,499 NORTHSIDE CIR NW,GRANTSVILLE,12025,70022025
1000974618648,Staci,Smith,70028744045,Male,09/07/1973,14 TRACY DR,FREDERICK,12026,70022026
1000974618649,Staci,Miller,70028744046,Male,22/01/1991,398 LANKERSHIM AVE,NAPLES,12027,70022027
1000974618650,Mary,Holt,70028744047,Male,16/01/2003,2365 WOODS AVE,ELMHURST,12028,70022028
1000974618651,Martha,Smith,70028744048,Female,08/01/1954,7312 35TH AVE,TRAVERSE CITY,12029,70022029
1000974618652,Anna,Gates,70028744049,Male,10/10/1948,5 CEDAR ST,NEW HAVEN,12030,70022030
1000974618653,Jeff,Reyes,70028744050,Female,15/10/2003,,RIVERHEAD,12031,70022031
1000974618654,Mary,Christensen,70028744051,Male,29/01/2004,14402 MAYFAIR DR,FORT LAUDERDALE,12032,70022032
1000974618655,Fatihah,Jones,70028744052,Male,27/12/1956,28029 73RD AVE NW,HARTSVILLE,12033,70022033
1000974618656,Mark,Castro,70028744053,Male,02/09/1980,10243 ORANGE AVE,ROCKVILLE CENTRE,12034,70022034
1000974618657,Ricardo,Anderson,70028744054,Male,21/12/1952,1556 ADAMS ST,JACKSON HEIGHTS,12035,70022035
1000974618658,Petra,Ballard,70028744055,Male,05/11/1972,87860 TERRITORIAL RD,FORT WORTH,12036,70022036
1000974618659,Victor,Johnson,70028744056,Male,26/06/1976,5534 LORI DR,WILMINGTON,12037,70022037
1000974618660,Angel,Boyd,70028744057,Female,21/05/1977,879 E DELLBROOK LN,VISTA,12038,70022038
1000974618661,Fatihah,Erickson,70028744058,Male,29/08/1984,,MIDLOTHIAN,12039,70022039
1000974618662,Ingrid,Hernandez,70028744059,Male,19/06/1968,801 64TH AVE S,LOUISVILLE,12040,70022040
1000974618663,Peng,Hernandez,70028744060,Male,21/01/1971,688 S MITCHELL AVE,SOUTH GATE,12041,70022041
1000974618664,Howard,King,70028744061,Male,18/09/1968,2098 ORANGE AVE E,HARTSVILLE,12042,70022042
1000974618665,Amy,Brown,70028744062,Female,20/10/1961,2500 MANN RD,KASILOF,12043,70022043
1000974618666,Hermes,Murray,70028744063,Male,28/05/1959,22174 W LOMA LINDA BLVD,COAL CREEK,12044,70022044
1000974618667,Chantel,Madden,70028744064,Female,24/08/1974,1105 W 51ST PL,STOWE,12045,70022045
1000974618668,Harlie,Wright,70028744065,Male,01/09/2007,9 PARK DR N,KANSAS CITY,12046,70022046
1000974618669,Peng,Marshall,70028744066,Female,16/12/1982,15521 SHELL POINT BLVD,MILWAUKEE,12047,70022047
1000974618670,Peter,Oconnor,70028744067,Female,12/10/1977,2217 ASHLAR VLG,GRAND PRAIRIE,12048,70022048
1000974618671,Ingrid,Alexander,70028744068,Female,26/09/1957,159 HAMPSHIRE RD,MOBILE,12049,70022049
1000974618672,Pauline,Crosby,70028744069,Male,17/12/1961,409 DURANT DR,TAMPA,12050,70022050
1000974618673,Alexandra,Blankenship,70028744070,Male,25/09/1951,,AGAWAM,12051,70022051
1000974618674,Telitha,Wagner,70028744071,Female,21/02/2004,843 CAREY DR,FORT WORTH,12052,70022052
1000974618675,Melissa,Obrien,70028744072,Male,17/05/1982,1947 HIBISCUS LN,WILLOWBROOK,12053,70022053
1000974618676,Seydou,Kelly,70028744073,Male,14/02/1990,319 ROSS RD,LUMBERTON,12054,70022054
1000974618677,Larry,Reed,70028744074,Female,30/09/2005,3041 N 2780 RD,ELMHURST,12055,70022055
1000974618678,Remberto,Delgado,70028744075,Female,14/09/1976,1587 MAURICE LN,AVERILL PARK,12056,70022056
1000974618679,James,Howell,70028744076,Male,13/01/1962,161 E REXFORD DR,AGAWAM,12057,70022057
1000974618680,Robert,Ortiz,70028744077,Female,07/09/1980,6311 HERMES DR,PIERSON,12058,70022058
1000974618681,M,Henson,70028744078,Female,03/10/1950,2221 CULLEN RD,FORT WAYNE,12059,70022059
1000974618682,John,Mendez,70028744079,Female,07/12/1986,299 S HARRISON ST,HONOLULU,12060,70022060
1000974618683,Ingrid,Smith,70028744080,Male,02/04/1994,701 MILL ST,HUNTERSVILLE,12061,70022061
1000974618684,Wendy,Cooper,70028744081,Male,18/09/2001,4960 PRICE DR,HANFORD,12062,70022062
1000974618685,David,Mercer,70028744082,Female,12/01/1954,1986 BENFORD ST,PIEDMONT,12063,70022063
1000974618686,Sharon,Peterson,70028744083,Male,25/08/1980,2650 N LAKEVIEW AVE,PENSACOLA,12064,70022064
1000974618687,Amy,Yang,70028744084,Male,16/04/1956,76 THAMES ST,GLENN HEIGHTS,12065,70022065
1000974618688,Jonni,Fowler,70028744085,Female,10/03/1954,1111 HIGH KNOLL DR,COPPERAS COVE,12066,70022066
1000974618689,Ingrid,Hunter,70028744086,Female,26/10/2005,,NORTH LAS VEGAS,12067,70022067
1000974618690,Chifei,Alexander,70028744087,Female,20/11/1958,,NEWPORT NEWS,12068,70022068
1000974618691,Carol,Patterson,70028744088,Male,06/07/1958,3415 ANACONDA DR,MILL RUN,12069,70022069
1000974618692,Ingrid,Mendez,70028744089,Male,04/07/1990,12817 ROCKSIDE RD,HAGERSTOWN,12070,70022070
1000974618693,Crystal,Matthews,70028744090,Female,22/10/1973,75 WEAVER AVE,CHICAGO,12071,70022071
1000974618694,M,Mcneil,70028744091,Female,24/12/2002,47-381 HUI KOLOA PL,MONROE,12072,70022072
1000974618695,K,Mosley,70028744092,Female,27/12/1961,446 PUTNUM FOREST RD,WOODBRIDGE,12073,70022073
1000974618696,Cathleen,Davis,70028744093,Male,26/06/1998,139 EMERSON PL,JACKSONVILLE,12074,70022074
1000974618697,Ada,Todd,70028744094,Female,22/10/1968,,FAYETTEVILLE,12075,70022075
1000974618698,Julie,Nicholson,70028744095,Male,26/01/1998,300 GRAND ST,KIOWA,12076,70022076
1000974618699,Jennifer,Holt,70028744096,Male,29/05/1958,1177 STARK PL,LANCASTER,12077,70022077
1000974618700,Caileigh,Adams,70028744097,Female,28/06/2001,613 BAMDAL ST,SOUTH ABINGTON TOWNSHIP,12078,70022078
1000974618701,James,Schwartz,70028744098,Female,09/04/1973,,KANEOHE,12079,70022079
1000974618702,Pauline,Williams,70028744099,Female,01/02/2005,301 E MILTON ST,LADSON,12080,70022080
1000974618703,Tim,Powell,70028744100,Female,25/12/1978,2027 CIRCLE WAY,MADISON,12081,70022081
1000974618704,Nicholas,Matthews,70028744101,Male,22/08/1999,,FAYETTEVILLE,12082,70022082
1000974618705,Mary,Oconnor,70028744102,Female,14/01/1951,4346 JAN WAY,CHARLOTTE,12083,70022083
1000974618706,Adriana,Young,70028744103,Female,25/04/1957,112 STEPHENSON BLVD,SANTA CRUZ,12084,70022084
1000974618707,Neva,Schwartz,70028744104,Female,10/10/1965,205 BARNHILL RD,BRONXVILLE,12085,70022085
1000974618708,Barbara,Gill,70028744105,Male,09/06/1994,1712 GOAT ISLAND RD,BEDFORD,12086,70022086
1000974618709,Paul,Fischer,70028744106,Male,20/03/1975,2651 MERIDIAN LAKE DR,HIGHLAND,12087,70022087
1000974618710,Marguerite,Park,70028744107,Female,11/03/2008,14403 SONNENBURG DR,CANTON,12088,70022088
1000974618711,April,Yates,70028744108,Male,01/04/1946,,MACON,12089,70022089
1000974618712,Petra,Hill,70028744109,Male,19/12/1948,24416 STATE HWY N,DORCHESTER CENTER,12090,70022090
1000974618713,Teasia,Daniels,70028744110,Female,16/08/1962,,BEVERLY HILLS,12091,70022091
1000974618714,Vitalino,Park,70028744111,Female,08/10/1967,4450 E CAMELBACK RD,ROSEVILLE,12092,70022092
1000974618715,Jonni,Rogers,70028744112,Female,24/02/1995,2248 WILLOW TREE DR,DENVER,12093,70022093
1000974618716,Martha,Thomas,70028744113,Female,22/05/1956,149 TREASURE PALM DR,GLENN HEIGHTS,12094,70022094
1000974618717,Lisa,Garner,70028744114,Female,08/09/1983,2770 BARDIN RD,CUPERTINO,12095,70022095
1000974618718,Li,Stewart,70028744115,Male,05/03/1957,130 SPENCER ST,FORT MYERS,12096,70022096
1000974618719,Kevin,Cervantes,70028744116,Female,25/10/1993,306 DAVIS ST,LAND O LAKES,12097,70022097
1000974618720,Li,Tucker,70028744117,Female,09/10/1960,,HOUSTON,12098,70022098
1000974618721,Danny,Chan,70028744118,Male,29/04/1955,10142 W WOOD ST,NEW FLORENCE,12099,70022099
1000974618722,Tasca,Carter,70028744119,Female,24/05/1986,13315 NASSAU DR,ATLANTA,12100,70022100
1000974618723,Maria,Hoffman,70028744120,Female,14/11/1947,7899 PORTOFINO CT,LONG BEACH,12101,70022101
1000974618724,Frances,Wagner,70028744121,Male,09/07/1951,1495 ADAMS PL,MONTEVALLO,12102,70022102
1000974618725,Lisa,Gentry,70028744122,Female,14/09/1986,202 N WETHERLY DR,SAINT LOUIS,12103,70022103
1000974618726,Kezia,Johnson,70028744123,Female,09/11/1964,298 BASS LAKE RD,SOUTH GATE,12104,70022104
1000974618727,Joshua,Perez,70028744124,Male,03/09/1974,PO BOX 76,MILLEDGEVILLE,12105,70022105
1000974618728,D,Williams,70028744125,Female,27/06/1999,367 ERIC WAY,MAGNOLIA,12106,70022106
1000974618729,Pierre,Mcneil,70028744126,Male,19/05/2006,417 HELVETIA PIKE,FORT LAUDERDALE,12107,70022107
1000974618730,Paul,Hernandez,70028744127,Female,20/04/1986,17329 GABBY RD,SAINT LOUIS,12108,70022108
1000974618731,Larry,Flowers,70028744128,Male,19/11/1995,,KIOWA,12109,70022109
1000974618732,Zachary,Walker,70028744129,Male,25/10/1963,38 SLATE CREEK DR,LUMBERTON,12110,70022110
1000974618733,Nicholas,Burke,70028744130,Male,06/04/1950,916 BEVERLY DR,BUENA,12111,70022111
1000974618734,John,Cortez,70028744131,Male,02/04/1995,4142 GRAMERCY ST,NORTH LAS VEGAS,12112,70022112
1000974618735,James,Harrison,70028744132,Male,06/02/1964,10432 CALICO CIR,MIDLOTHIAN,12113,70022113
1000974618736,Roger,Schroeder,70028744133,Female,27/03/1993,237 SARATOGA AVE,TUCSON,12114,70022114
1000974618737,Robert,Brown,70028744134,Female,29/06/1971,4 WHITEFIELD TER,COAL CREEK,12115,70022115
1000974618738,Peng,Delgado,70028744135,Female,16/07/1976,911 SHILOH RIDGE RUN NW,LAKESIDE,12116,70022116
1000974618739,Jeannette,Finley,70028744136,Male,22/08/2000,701 SUNSET HILLS DR,GRANTS PASS,12117,70022117
1000974618740,Jo,Smith,70028744137,Male,10/10/1959,2209 SAINT JOE CENTER RD,KENNESAW,12118,70022118
1000974618741,Van,Rivas,70028744138,Female,30/03/1991,916 QUINNIPIAC AVE,GLENDALE,12119,70022119
1000974618742,Amy,Wagner,70028744139,Female,12/12/1977,,MADISON,12120,70022120
1000974618743,Devondrick,Smith,70028744140,Male,02/11/1970,2770 COLD SATURDAY DR,PALM BEACH GARDENS,12121,70022121
1000974618744,Joan,Woods,70028744141,Male,13/11/1994,242 PALMER ST,BLOOMFIELD,12122,70022122
1000974618745,Caroline,Gonzalez,70028744142,Female,07/12/1987,8223 WOODVINE CIR,MIAMI,12123,70022123
1000974618746,Ada,Obrien,70028744143,Male,23/04/2000,,EAST ORANGE,12124,70022124
1000974618747,Roger,Miller,70028744144,Male,21/10/2007,5756 DUNRAVEN TRL,DUNNELLON,12125,70022125
1000974618748,Joann,Brown,70028744145,Female,21/10/1979,1755 ROCK SPRINGS RD,FORT WORTH,12126,70022126
1000974618749,Shazi,Blankenship,70028744146,Male,31/08/1994,3149 BROOKWOOD DR,HANFORD,12127,70022127
1000974618750,Ashrain,Martin,70028744147,Female,19/07/1979,3880 KLAMATH WAY,SALEM,12128,70022128
1000974618751,Lucian,Simmons,70028744148,Male,17/10/1965,7249 WOLFSBORO LN,BROOKLYN,12129,70022129
1000974618752,Francine,Smith,70028744149,Male,25/04/1964,9178 W WIND ST,DORCHESTER CENTER,12130,70022130
1000974618753,Richard,Carter,70028744150,Male,08/04/2005,13912 NORTHWOOD VILLAGE DR,BROOKLYN,12131,70022131
1000974618754,Brooke,Ballard,70028744151,Female,19/08/1960,1020 NW 41ST ST,DUNNELLON,12132,70022132
1000974618755,Peng,Oliver,70028744152,Female,05/05/2007,17853 STEADING RD,SAN ANTONIO,12133,70022133
1000974618756,Angel,Guerra,70028744153,Male,25/06/1996,3418 SENATE AVE,COAL CREEK,12134,70022134
1000974618757,Ingrid,Franco,70028744154,Male,15/10/1993,509 E 4TH ST,VISTA,12135,70022135
1000974618758,Kevin,Thompson,70028744155,Female,09/09/1972,,LOUISVILLE,12136,70022136
1000974618759,Magdalene,Yates,70028744156,Male,12/10/1960,1005 COLUMBIA RD,KASILOF,12137,70022137
1000974618760,Bree,Schwartz,70028744157,Female,05/12/1985,604 N VISTA RD,RIVIERA BEACH,12138,70022138
1000974618761,Kimberly,Lewis,70028744158,Female,06/10/1990,694 E 52ND ST,MONTEVALLO,12139,70022139
1000974618762,Van,Martin,70028744159,Male,18/10/1987,7 NORDIC WAY,CHARLOTTE,12140,70022140
1000974618763,Telitha,Jackson,70028744160,Female,02/06/1990,2040 ARLINGTON DR,FORT LAUDERDALE,12141,70022141
1000974618764,Mary,Shepard,70028744161,Female,11/02/1993,4536 PONSARD CT,FORT WAYNE,12142,70022142
1000974618765,Bova,Hood,70028744162,Female,22/04/2003,3650 HICKORY RIDGE CT,FORT WORTH,12143,70022143
1000974618766,Lamin,Davis,70028744163,Male,21/06/1957,,MILL CREEK,12144,70022144
1000974618767,Charles,Smith,70028744164,Male,07/11/2003,2505 DONNA DR,HENNESSEY,12145,70022145
1000974618768,James,Ross,70028744165,Male,01/06/1951,14 LEANIHI LN,LOS ANGELES,12146,70022146
1000974618769,Bova,Patterson,70028744166,Female,06/03/1993,246 FOLK ST,SANTEE,12147,70022147
1000974618770,Steve,Walsh,70028744167,Male,26/03/1994,,SAINT PAUL,12148,70022148
1000974618771,Ingrid,Espinoza,70028744168,Male,01/01/1980,510 STONEWAY DR NW,GRAND PRAIRIE,12149,70022149
1000974618772,Fabian,Skinner,70028744169,Male,19/01/1970,14272 HOOVER ST,RIVERHEAD,12150,70022150
1000974618773,Hermes,Roberts,70028744170,Female,07/12/1962,9125 87TH ST,ASTORIA,12151,70022151
1000974618774,Jonni,Wright,70028744171,Female,27/09/1951,1913 GREGORY DR,ORANGEVALE,12152,70022152
1000974618775,Richard,Flowers,70028744172,Male,25/05/2001,250 CROWN ST,EDEN PRAIRIE,12153,70022153
1000974618776,Adriane,Shah,70028744173,Female,28/05/1979,5449 E WAVERLY ST,MONTEVALLO,12154,70022154
1000974618777,Nicholas,Burns,70028744174,Female,04/11/1998,651 JIM MOUNTAIN RD,GLENN HEIGHTS,12155,70022155
1000974618778,Bernadine,Mosley,70028744175,Male,13/07/1973,,COLUMBUS,12156,70022156
1000974618779,Cesar,Patton,70028744176,Female,30/11/1948,62 LINDEN ST,FALL RIVER,12157,70022157
1000974618780,Carrie,Ford,70028744177,Male,12/12/1981,7190 CHANTILLEY CT,PORT SULPHUR,12158,70022158
1000974618781,Julli,Baker,70028744178,Female,08/12/2009,,GREENBRIER,12159,70022159
1000974618782,Kimberly,Rhodes,70028744179,Female,10/06/1978,,FALL RIVER,12160,70022160
1000974618783,Richard,Chung,70028744180,Female,29/08/1999,1146 COWART RD,MILL RUN,12161,70022161
1000974618784,Allison,Mcguire,70028744181,Male,21/01/1950,4202 KEANU ST,STOWE,12162,70022162
1000974618785,Hermes,Baker,70028744182,Female,06/01/1961,3629 MOON ST NE,SCOTTSDALE,12163,70022163
1000974618786,Andrea,Crosby,70028744183,Female,15/06/1969,4315 BAIN AVE,FORT WAYNE,12164,70022164
1000974618787,Paul,Taylor,70028744184,Female,06/05/1976,2010 W WEBSTER AVE,CHINO,12165,70022165
1000974618788,Patric,Boone,70028744185,Male,02/08/1976,1120 DUCHESS DR,GLENS FALLS,12166,70022166
1000974618789,Julie,Foster,70028744186,Male,07/09/2000,2741 S JAY ST,EASTON,12167,70022167
1000974618790,Danny,Anderson,70028744187,Female,28/01/1978,517 RUSSELL RD,GRAND PRAIRIE,12168,70022168
1000974618791,Jeff,Bradley,70028744188,Female,30/04/1954,,SAN MARCOS,12169,70022169
1000974618792,Maria,Holt,70028744189,Male,18/03/1964,,PENSACOLA,12170,70022170
1000974618793,Beverly,Elliott,70028744190,Male,07/05/1980,11625 WESTRIDGE PL,STOWE,12171,70022171
1000974618794,Anna,Walsh,70028744191,Male,11/07/2000,1609 S MADALINE TER,FORT MYERS,12172,70022172
1000974618795,Julie,Hamilton,70028744192,Female,06/01/2009,141 ROCK RIDGE DR,SAINT LOUIS,12173,70022173
1000974618796,Wendy,Reyes,70028744193,Female,07/08/1992,4507 TALLULAH DR,YONKERS,12174,70022174
1000974618797,M,Fuller,70028744194,Male,25/07/2008,,ALTOONA,12175,70022175
1000974618798,M,Blevins,70028744195,Male,12/10/1997,3018 KANSAS CITY DR,CLARKSBURG,12176,70022176
1000974618799,Leslie,Hoffman,70028744196,Female,01/07/1952,11 ELM AVE,VENETA,12177,70022177
1000974618800,Lucy,Shaffer,70028744197,Male,03/12/1961,510 BRYANT AVE,BEDFORD,12178,70022178
1000974618801,Francine,Whitehead,70028744198,Female,21/03/1993,10435 N LYNN CIR,HANFORD,12179,70022179
1000974618802,Rizzuto,Young,70028744199,Female,02/12/1974,11079 E SORREL LN,KINGMAN,12180,70022180
1000974618803,Shazi,Flowers,70028744200,Female,10/05/2006,1415 ALTA VISTA DR,BRONXVILLE,12181,70022181
1000974618804,Stephen,Valenzuela,70028744201,Male,20/09/1956,517 GOODWIN DR,KINGSTON,12182,70022182
1000974618805,Larry,Adams,70028744202,Male,18/10/1975,8010 SHANTUNG DR,HENNESSEY,12183,70022183
1000974618806,Kevin,Lawson,70028744203,Female,25/01/1952,702 N MAIN ST,KENNESAW,12184,70022184
1000974618807,Bernadine,Miller,70028744204,Female,27/01/1967,623 ASPEN DR,BRONXVILLE,12185,70022185
1000974618808,Tiamae,Fletcher,70028744205,Male,20/09/1990,421 W BROADWAY,GREENBRIER,12186,70022186
1000974618809,James,Sanchez,70028744206,Female,05/03/1982,3253 46TH ST,YONKERS,12187,70022187
1000974618810,Telitha,Dixon,70028744207,Male,24/09/1993,75 STAPLE ST,BLOOMFIELD,12188,70022188
1000974618811,Bree,Perry,70028744208,Male,04/08/1958,359 S ARCHWOOD WAY,ANDES,12189,70022189
1000974618812,George,Walker,70028744209,Male,06/03/1984,4702 MILWAUKEE ST,FALL RIVER,12190,70022190
1000974618813,Bree,Powell,70028744210,Female,17/12/2009,1 WESTBOURNE,MARIETTA,12191,70022191
1000974618814,Tyler,Compton,70028744211,Female,25/04/1946,4710 CHESTER AVE,TUCSON,12192,70022192
1000974618815,Pauline,Wilson,70028744212,Male,23/01/1955,1587 PO BOX,COLUMBUS,12193,70022193
1000974618816,Van,Savage,70028744213,Female,30/04/1963,109 BANDOR CIR,GRANTS PASS,12194,70022194
1000974618817,Charles,Shaffer,70028744214,Male,06/11/2003,PO BOX 778,FORT WAYNE,12195,70022195
1000974618818,Norma,Wilson,70028744215,Female,01/08/1957,13494 ARTISAN CIR,SOUTH GATE,12196,70022196
1000974618819,Stephen,Fischer,70028744216,Male,27/12/1999,8700 GALBRAITH RD,LAKELAND,12197,70022197
1000974618820,Steve,Baker,70028744217,Female,19/09/1991,22846 CHESTERVIEW LOOP,SALEM,12198,70022198
1000974618821,Charles,Burke,70028744218,Male,16/10/1975,2922 N CHESTER AVE,GIBSONVILLE,12199,70022199
1000974618822,Lucian,Gonzalez,70028744219,Male,12/10/1991,1619 ARLINGTON ST,SANTA CRUZ,12200,70022200
1000974618823,Jonni,Mcneil,70028744220,Female,26/02/1999,1504 N STATE ST,NORTH LAS VEGAS,12201,70022201
1000974618824,Sharon,George,70028744221,Male,14/11/1998,,BUCKEYE,12202,70022202
1000974618825,James,Ortiz,70028744222,Male,06/05/1977,7250 VANESSA DR,HIGHLAND,12203,70022203
1000974618826,M,Rivas,70028744223,Female,22/09/1989,272 HIDDEN TRACE CT,SUWANEE,12204,70022204
1000974618827,M,Adkins,70028744224,Male,08/04/1953,40 LOEFFLER RD,MILL RUN,12205,70022205
1000974618828,Michael,Smith,70028744225,Female,08/10/1962,,HAMPTON,12206,70022206
1000974618829,Joseph,Miller,70028744226,Male,15/11/1965,43007 LEMONWOOD DR,SAN JOSE,12207,70022207
1000974618830,Brandon,Reyes,70028744227,Female,11/05/1992,5122 PENNSYLVANIA AVE,DORCHESTER CENTER,12208,70022208
1000974618831,Lamin,Salas,70028744228,Female,13/10/1949,30 ALLEN RD,AGAWAM,12209,70022209
1000974618832,Tim,Hardin,70028744229,Female,12/04/1996,110 KENTUCKY AVE,ANDES,12210,70022210
1000974618833,Barbara,Nielsen,70028744230,Female,05/10/1982,1739 SE LOGANBERRY ST,GREENVILLE,12211,70022211
1000974618834,Joshua,Harrison,70028744231,Male,15/06/1966,8387 CALGARY DR S,FAYETTEVILLE,12212,70022212
1000974618835,Ada,Bullock,70028744232,Female,13/11/1989,3700 DURANGO DR,DUNNELLON,12213,70022213
1000974618836,Li,Whitehead,70028744233,Female,07/11/1973,4409 LYNNVIEW DR,MOBILE,12214,70022214
1000974618837,Sharon,Brown,70028744234,Male,05/07/2007,808 PARK PL,WALLINGFORD,12215,70022215
1000974618838,Joan,Wilkerson,70028744235,Male,30/01/1974,2946 N 40TH ST,GRANTS PASS,12216,70022216
1000974618839,Janelle,Obrien,70028744236,Male,27/12/1985,4148 E BROOKS ST,MILL RUN,12217,70022217
1000974618840,Toby,Jones,70028744237,Female,19/12/1963,1524 BIGGERS RD,BAKERSFIELD,12218,70022218
1000974618841,Caroline,Guerrero,70028744238,Female,29/11/1981,187 CHICORY RD NE,LUMBERTON,12219,70022219
1000974618842,Kathy,Morton,70028744239,Male,14/01/1995,1630 ROWLAND AVE NE,FORT WAYNE,12220,70022220
1000974618843,Olawunmi,West,70028744240,Male,01/12/1970,7808 EPPING LN,CHESTER,12221,70022221
1000974618844,Tiamae,Peterson,70028744241,Female,25/03/1997,3020 SW 19TH ST,AUSTIN,12222,70022222
1000974618845,Jeff,Moreno,70028744242,Male,02/08/1960,2101 VERDE DR,SAN DIEGO,12223,70022223
1000974618846,Roche,Johnson,70028744243,Female,18/06/1981,499 NORTHSIDE CIR NW,FORT LAUDERDALE,12224,70022224
1000974618847,Kuninori,Christian,70028744244,Female,01/09/1971,14 TRACY DR,BOCA RATON,12225,70022225
1000974618848,Patric,Pacheco,70028744245,Female,29/09/1985,398 LANKERSHIM AVE,SAN DIEGO,12226,70022226
1000974618849,Joann,Simmons,70028744246,Female,25/03/1988,2365 WOODS AVE,WOODBRIDGE,12227,70022227
1000974618850,Teasia,Lambert,70028744247,Female,05/09/2008,7312 35TH AVE,FAYETTEVILLE,12228,70022228
1000974618851,Steve,Wheeler,70028744248,Female,26/12/1956,5 CEDAR ST,NEW ROCHELLE,12229,70022229
1000974618852,Mellannei,Tucker,70028744249,Female,31/05/1975,,CHINO,12230,70022230
1000974618853,Brian,Rose,70028744250,Female,24/11/1973,14402 MAYFAIR DR,WILMINGTON,12231,70022231
1000974618854,Martha,Mills,70028744251,Male,10/07/1994,28029 73RD AVE NW,KIHEI,12232,70022232
1000974618855,Remberto,Webb,70028744252,Male,31/08/1950,10243 ORANGE AVE,DORCHESTER CENTER,12233,70022233
1000974618856,Joel,Velez,70028744253,Male,15/10/1992,1556 ADAMS ST,MIAMI,12234,70022234
1000974618857,Magdalene,Young,70028744254,Female,12/09/1989,87860 TERRITORIAL RD,CHINO,12235,70022235
1000974618858,Kevin,Taylor,70028744255,Male,02/12/1967,5534 LORI DR,MONROE,12236,70022236
1000974618859,John,Adams,70028744256,Male,01/10/2008,879 E DELLBROOK LN,ROCKVILLE CENTRE,12237,70022237
1000974618860,Amy,Smith,70028744257,Female,30/07/1996,,ASTORIA,12238,70022238
1000974618861,Zachary,Levine,70028744258,Female,28/05/1976,801 64TH AVE S,MECHANICVILLE,12239,70022239
1000974618862,Kathleen,Berry,70028744259,Male,11/05/1985,688 S MITCHELL AVE,NAPLES,12240,70022240
1000974618863,Tyler,Walker,70028744260,Male,08/06/1991,2098 ORANGE AVE E,BEDFORD,12241,70022241
1000974618864,Leslie,Dunn,70028744261,Male,10/06/1956,2500 MANN RD,KENNESAW,12242,70022242
1000974618865,Gm,Gill,70028744262,Female,22/01/1976,22174 W LOMA LINDA BLVD,ATLANTA,12243,70022243
1000974618866,Paul,Cooper,70028744263,Female,08/11/1948,1105 W 51ST PL,WOODBRIDGE,12244,70022244
1000974618867,Brandie,Patterson,70028744264,Female,01/11/1955,9 PARK DR N,COPPERAS COVE,12245,70022245
1000974618868,John,Nguyen,70028744265,Female,26/08/1946,15521 SHELL POINT BLVD,GRAND PRAIRIE,12246,70022246
1000974618869,Brendon,Christian,70028744266,Male,11/05/1972,2217 ASHLAR VLG,NEW LONDON,12247,70022247
1000974618870,Robert,Wilkerson,70028744267,Male,29/06/1964,159 HAMPSHIRE RD,GREENBRIER,12248,70022248
1000974618871,Harlie,Baker,70028744268,Male,24/03/1995,409 DURANT DR,TAMPA,12249,70022249
1000974618872,Anna,Davis,70028744269,Male,14/07/1993,,ELMONT,12250,70022250
1000974618873,Randall,Randall,70028744270,Female,30/04/1957,843 CAREY DR,SAINT LOUIS,12251,70022251
1000974618874,Joann,Patterson,70028744271,Male,10/09/1970,1947 HIBISCUS LN,MARIETTA,12252,70022252
1000974618875,Joan,Diaz,70028744272,Female,23/11/1957,319 ROSS RD,MC LEAN,12253,70022253
1000974618876,Carrie,Blackwell,70028744273,Female,23/07/1976,3041 N 2780 RD,MILLEDGEVILLE,12254,70022254
1000974618877,Ada,Giles,70028744274,Female,02/10/1980,1587 MAURICE LN,KIOWA,12255,70022255
1000974618878,Victor,Baker,70028744275,Female,04/09/1986,161 E REXFORD DR,CLEVELAND,12256,70022256
1000974618879,Brooke,Terry,70028744276,Male,02/07/1966,6311 HERMES DR,WILLOWBROOK,12257,70022257
1000974618880,W,Johnston,70028744277,Male,12/08/1966,2221 CULLEN RD,FORT LAUDERDALE,12258,70022258
1000974618881,Rizzuto,Francis,70028744278,Male,04/08/1953,299 S HARRISON ST,LITTLE FALLS,12259,70022259
1000974618882,Julli,Calhoun,70028744279,Male,14/12/1956,701 MILL ST,MILLEDGEVILLE,12260,70022260
1000974618883,Martinez,Ballard,70028744280,Male,06/12/2001,4960 PRICE DR,WILLOWBROOK,12261,70022261
1000974618884,Joel,Hughes,70028744281,Female,16/06/1970,1986 BENFORD ST,STANWOOD,12262,70022262
1000974618885,Danny,Bates,70028744282,Female,23/01/1960,2650 N LAKEVIEW AVE,SAINT LOUIS,12263,70022263
1000974618886,Lamin,Wagner,70028744283,Male,11/09/2000,76 THAMES ST,HAMPTON,12264,70022264
1000974618887,Jose,Cooper,70028744284,Male,01/01/2001,1111 HIGH KNOLL DR,PIEDMONT,12265,70022265
1000974618888,Gloria,Wheeler,70028744285,Female,20/11/1970,,KIHEI,12266,70022266
1000974618889,Lauren,Garcia,70028744286,Female,12/05/1964,,EAST ORANGE,12267,70022267
1000974618890,Angel,Rogers,70028744287,Male,28/02/1985,3415 ANACONDA DR,BOCA RATON,12268,70022268
1000974618891,Roche,Taylor,70028744288,Female,28/07/1960,12817 ROCKSIDE RD,AVA,12269,70022269
1000974618892,Brian,Fuller,70028744289,Male,25/07/1990,75 WEAVER AVE,MONROE,12270,70022270
1000974618893,Shazi,Delgado,70028744290,Male,17/03/1950,47-381 HUI KOLOA PL,HILLSBORO,12271,70022271
1000974618894,Zachary,Mills,70028744291,Female,24/05/1959,446 PUTNUM FOREST RD,APACHE JUNCTION,12272,70022272
1000974618895,Tyler,Acevedo,70028744292,Female,26/04/1995,139 EMERSON PL,MONTEVALLO,12273,70022273
1000974618896,Lamin,Diaz,70028744293,Male,26/02/1993,,AGAWAM,12274,70022274
1000974618897,Magdalene,Freeman,70028744294,Female,14/08/1987,300 GRAND ST,SAN ANTONIO,12275,70022275
1000974618898,Harlie,Webb,70028744295,Female,06/09/1985,1177 STARK PL,GREENVILLE,12276,70022276
1000974618899,Kimberly,Shaw,70028744296,Female,29/02/1956,613 BAMDAL ST,VISTA,12277,70022277
1000974618900,Marguerite,Liu,70028744297,Female,05/09/1956,,HILLSBORO,12278,70022278
1000974618901,Jerry,Hays,70028744298,Male,24/08/1953,301 E MILTON ST,DENVER,12279,70022279
1000974618902,Amber,Rivera,70028744299,Female,05/06/2000,2027 CIRCLE WAY,STANWOOD,12280,70022280
1000974618903,Neva,Bullock,70028744300,Male,05/09/1981,,GRANTS PASS,12281,70022281
1000974618904,Larry,Rodriguez,70028744301,Male,04/02/1985,4346 JAN WAY,ESSEX,12282,70022282
1000974618905,Angel,Harrison,70028744302,Female,05/05/1997,112 STEPHENSON BLVD,KIOWA,12283,70022283
1000974618906,Lucian,Smith,70028744303,Male,03/06/1996,205 BARNHILL RD,LAKESIDE,12284,70022284
1000974618907,Jose,Dunn,70028744304,Female,25/08/2001,1712 GOAT ISLAND RD,FORT MYERS,12285,70022285
1000974618908,Tiffany,Oliver,70028744305,Male,04/08/1981,2651 MERIDIAN LAKE DR,SCOTTSDALE,12286,70022286
1000974618909,Jessica,Miller,70028744306,Female,25/12/1949,14403 SONNENBURG DR,PIERSON,12287,70022287
1000974618910,Brooke,Carter,70028744307,Female,11/07/1995,,BEVERLY HILLS,12288,70022288
1000974618911,D,Berry,70028744308,Female,21/05/1950,24416 STATE HWY N,COLUMBUS,12289,70022289
1000974618912,Kathleen,Ryan,70028744309,Female,24/08/1976,,FINKSBURG,12290,70022290
1000974618913,Howard,Anderson,70028744310,Female,23/03/1970,4450 E CAMELBACK RD,MONTEVALLO,12291,70022291
1000974618914,Telitha,Bullock,70028744311,Female,29/03/1968,2248 WILLOW TREE DR,AVERILL PARK,12292,70022292
1000974618915,Tammy,Guerra,70028744312,Female,09/09/1953,149 TREASURE PALM DR,ROSEVILLE,12293,70022293
1000974618916,Danny,Nielsen,70028744313,Male,28/05/2001,2770 BARDIN RD,ALTOONA,12294,70022294
1000974618917,Brandon,Terry,70028744314,Male,13/12/1958,130 SPENCER ST,BRIGHTON,12295,70022295
1000974618918,Victor,Curtis,70028744315,Female,25/03/2000,306 DAVIS ST,BUCKEYE,12296,70022296
1000974618919,Tyler,Diaz,70028744316,Female,27/09/2006,,JURUPA VALLEY,12297,70022297
1000974618920,Michael,Mason,70028744317,Male,17/09/1966,10142 W WOOD ST,GRAND PRAIRIE,12298,70022298
1000974618921,Jimmy,Martinez,70028744318,Female,28/07/2009,13315 NASSAU DR,FORT WORTH,12299,70022299
1000974618922,Julli,Berry,70028744319,Female,25/12/1962,7899 PORTOFINO CT,LITTLE FALLS,12300,70022300
1000974618923,Jerry,Dawson,70028744320,Male,24/03/1986,1495 ADAMS PL,WILLOWBROOK,12301,70022301
1000974618924,Victor,Castro,70028744321,Male,22/09/1976,202 N WETHERLY DR,HILLSBORO,12302,70022302
1000974618925,Mark,Benjamin,70028744322,Female,13/11/2006,298 BASS LAKE RD,BEDFORD,12303,70022303
1000974618926,Anna,Clark,70028744323,Male,24/03/1990,PO BOX 76,ESSEX,12304,70022304
1000974618927,Amy,West,70028744324,Male,07/01/1991,367 ERIC WAY,AVERILL PARK,12305,70022305
1000974618928,John,Jones,70028744325,Male,11/07/1966,417 HELVETIA PIKE,NORTH LAS VEGAS,12306,70022306
1000974618929,Brandon,Nielsen,70028744326,Female,12/09/1966,17329 GABBY RD,MACON,12307,70022307
1000974618930,Linda,Crosby,70028744327,Male,11/04/1980,,SPARTANBURG,12308,70022308
1000974618931,James,Henson,70028744328,Male,20/03/1994,38 SLATE CREEK DR,LAND O LAKES,12309,70022309
1000974618932,Teasia,Smith,70028744329,Male,04/09/2000,916 BEVERLY DR,MONROE,12310,70022310
1000974618933,Linda,Carter,70028744330,Male,02/05/1983,4142 GRAMERCY ST,SAINT PAUL,12311,70022311
1000974618934,Tiamae,Richards,70028744331,Female,12/08/1997,10432 CALICO CIR,MOBILE,12312,70022312
1000974618935,Charlise,Morton,70028744332,Male,13/06/1969,237 SARATOGA AVE,ROSEVILLE,12313,70022313
1000974618936,Adriane,Reynolds,70028744333,Male,07/02/1972,4 WHITEFIELD TER,LITTLE FALLS,12314,70022314
1000974618937,Jessica,Madden,70028744334,Male,14/07/1999,911 SHILOH RIDGE RUN NW,ROSEVILLE,12315,70022315
1000974618938,M,Montoya,70028744335,Male,23/12/1962,701 SUNSET HILLS DR,SANTEE,12316,70022316
1000974618939,Allison,Murray,70028744336,Male,11/09/1971,2209 SAINT JOE CENTER RD,SAN DIEGO,12317,70022317
1000974618940,Irene,Roman,70028744337,Male,22/07/1946,916 QUINNIPIAC AVE,STATEN ISLAND,12318,70022318
1000974618941,Pauline,Brady,70028744338,Female,29/10/1959,,SAINT PAUL,12319,70022319
1000974618942,Kezia,Pierce,70028744339,Male,22/12/1979,2770 COLD SATURDAY DR,PIERSON,12320,70022320
1000974618943,Mary,Castro,70028744340,Male,02/10/1992,242 PALMER ST,BRIGHTON,12321,70022321
1000974618944,Kimberly,Johnson,70028744341,Female,19/12/1974,8223 WOODVINE CIR,BLOOMFIELD,12322,70022322
1000974618945,Andre,Shaw,70028744342,Male,16/04/1977,,ROSEVILLE,12323,70022323
1000974618946,Bernadine,Stewart,70028744343,Female,20/12/1997,5756 DUNRAVEN TRL,DALLAS,12324,70022324
1000974618947,Barbara,Mathis,70028744344,Female,21/12/1968,1755 ROCK SPRINGS RD,CHINO,12325,70022325
1000974618948,Michelle,Terry,70028744345,Male,08/11/2007,3149 BROOKWOOD DR,TUCSON,12326,70022326
1000974618949,Chifei,Skinner,70028744346,Female,29/01/1956,3880 KLAMATH WAY,NORTH LEWISBURG,12327,70022327
1000974618950,Caileigh,Soto,70028744347,Male,21/06/1970,7249 WOLFSBORO LN,SANTA CRUZ,12328,70022328
1000974618951,Jeff,Smith,70028744348,Male,25/12/1981,9178 W WIND ST,COPPERAS COVE,12329,70022329
1000974618952,Michelle,Ramos,70028744349,Male,12/01/1993,13912 NORTHWOOD VILLAGE DR,PALM BEACH GARDENS,12330,70022330
1000974618953,Roche,Marshall,70028744350,Female,04/12/2002,1020 NW 41ST ST,FORT WORTH,12331,70022331
1000974618954,Barbara,Walker,70028744351,Male,17/08/1970,17853 STEADING RD,FORT MYERS,12332,70022332
1000974618955,Muguette,Hays,70028744352,Female,25/05/2004,3418 SENATE AVE,CHINO,12333,70022333
1000974618956,Francine,Mathis,70028744353,Male,17/02/1999,509 E 4TH ST,PORT SULPHUR,12334,70022334
1000974618957,Roger,Fowler,70028744354,Male,25/03/1995,,ROCKVILLE CENTRE,12335,70022335
1000974618958,Tiamae,Buck,70028744355,Male,06/04/1992,1005 COLUMBIA RD,SAN JOSE,12336,70022336
1000974618959,Amy,Hoffman,70028744356,Female,31/03/1952,604 N VISTA RD,LAND O LAKES,12337,70022337
1000974618960,Brandie,Miller,70028744357,Female,15/07/2010,694 E 52ND ST,KANEOHE,12338,70022338
1000974618961,Roche,Diaz,70028744358,Male,10/06/1968,7 NORDIC WAY,ROSEVILLE,12339,70022339
1000974618962,Paul,Wilson,70028744359,Male,23/01/1973,2040 ARLINGTON DR,SPRINGFIELD,12340,70022340
1000974618963,Alex,Roman,70028744360,Female,13/03/1965,4536 PONSARD CT,GRANTSVILLE,12341,70022341
1000974618964,John,James,70028744361,Female,11/11/2005,3650 HICKORY RIDGE CT,HOBOKEN,12342,70022342
1000974618965,April,Martin,70028744362,Female,05/12/1988,,ASTORIA,12343,70022343
1000974618966,Bernadine,Schwartz,70028744363,Female,26/02/1968,2505 DONNA DR,KANSAS CITY,12344,70022344
1000974618967,Anna,Martin,70028744364,Male,23/04/1989,14 LEANIHI LN,SAN JOSE,12345,70022345
1000974618968,Marguerite,Young,70028744365,Male,11/10/1972,246 FOLK ST,ORANGEVALE,12346,70022346
1000974618969,Ingrid,Patterson,70028744366,Male,28/08/1969,,HOBOKEN,12347,70022347
1000974618970,George,Mills,70028744367,Male,05/08/1968,510 STONEWAY DR NW,SAN DIEGO,12348,70022348
1000974618971,Brendon,Edwards,70028744368,Male,18/10/1976,14272 HOOVER ST,CHINO,12349,70022349
1000974618972,John,Rodriguez,70028744369,Male,29/03/1954,9125 87TH ST,YONKERS,12350,70022350
1000974618973,Neva,Garcia,70028744370,Female,04/01/1977,1913 GREGORY DR,CANTON,12351,70022351
1000974618974,Caileigh,Johnson,70028744371,Female,05/04/1989,250 CROWN ST,GRANTS PASS,12352,70022352
1000974618975,Tasca,Fuller,70028744372,Male,15/05/2002,5449 E WAVERLY ST,MILL RUN,12353,70022353
1000974618976,Branden,Simmons,70028744373,Female,11/08/1969,651 JIM MOUNTAIN RD,KENNESAW,12354,70022354
1000974618977,Petra,Andrews,70028744374,Female,10/05/1985,,NAPA,12355,70022355
1000974618978,Howard,Schneider,70028744375,Male,06/10/1963,62 LINDEN ST,MILLEDGEVILLE,12356,70022356
1000974618979,Pauline,Pennington,70028744376,Female,17/11/1962,7190 CHANTILLEY CT,STANWOOD,12357,70022357
1000974618980,Joan,Rogers,70028744377,Male,26/04/1994,,GILBERT,12358,70022358
1000974618981,Frances,Cooper,70028744378,Female,27/04/1987,,KIOWA,12359,70022359
1000974618982,Crystal,Cooper,70028744379,Female,27/01/1976,1146 COWART RD,CHINO,12360,70022360
1000974618983,Danny,Rhodes,70028744380,Male,10/05/1951,4202 KEANU ST,STANWOOD,12361,70022361
1000974618984,Magdalene,Schwartz,70028744381,Female,21/12/1965,3629 MOON ST NE,PORT SULPHUR,12362,70022362
1000974618985,Olivia,Escobar,70028744382,Female,28/08/1978,4315 BAIN AVE,AGAWAM,12363,70022363
1000974618986,James,Mcknight,70028744383,Male,10/05/1967,2010 W WEBSTER AVE,FORT LAUDERDALE,12364,70022364
1000974618987,Thomas,George,70028744384,Male,18/12/1977,1120 DUCHESS DR,FORT LAUDERDALE,12365,70022365
1000974618988,John,Carlson,70028744385,Female,16/03/1953,2741 S JAY ST,NORTH LAS VEGAS,12366,70022366
1000974618989,Magdalene,Foster,70028744386,Female,30/06/1967,517 RUSSELL RD,NAPA,12367,70022367
1000974618990,Howard,Miller,70028744387,Female,19/04/1982,,SAN ANTONIO,12368,70022368
1000974618991,Ricardo,Ballard,70028744388,Male,25/10/1994,,SAINT PETERSBURG,12369,70022369
1000974618992,Kelli,Montoya,70028744389,Female,13/10/1968,11625 WESTRIDGE PL,ESSEX,12370,70022370
1000974618993,Zachary,Scott,70028744390,Female,04/06/1997,1609 S MADALINE TER,BROOKFIELD,12371,70022371
1000974618994,Patric,Martin,70028744391,Male,30/09/1968,141 ROCK RIDGE DR,LAKELAND,12372,70022372
1000974618995,Joann,Anderson,70028744392,Female,07/08/1999,4507 TALLULAH DR,LOS ANGELES,12373,70022373
1000974618996,Peng,Francis,70028744393,Female,24/08/1997,,GARDENA,12374,70022374
1000974618997,Linda,Wagner,70028744394,Female,03/02/1947,3018 KANSAS CITY DR,ORANGEVALE,12375,70022375
1000974618998,Gm,Rivas,70028744395,Female,21/02/2006,11 ELM AVE,MIAMI,12376,70022376
1000974618999,Teasia,Valenzuela,70028744396,Female,22/02/1997,510 BRYANT AVE,NEW ULM,12377,70022377
1000974619000,Shazi,Mathis,70028744397,Male,12/06/1988,10435 N LYNN CIR,LONG ISLAND,12378,70022378
1000974619001,Lauren,Hood,70028744398,Female,24/06/1993,11079 E SORREL LN,MECHANICVILLE,12379,70022379
1000974619002,Tiamae,Bell,70028744399,Male,02/10/1957,1415 ALTA VISTA DR,HONOLULU,12380,70022380
1000974619003,Henry,Burns,70028744400,Male,08/09/1957,517 GOODWIN DR,DUNNELLON,12381,70022381
1000974619004,Brendon,Foster,70028744401,Male,03/04/1988,8010 SHANTUNG DR,LAKELAND,12382,70022382
1000974619005,Kelli,Reed,70028744402,Male,22/06/1996,702 N MAIN ST,LAKELAND,12383,70022383
1000974619006,Ingrid,Bush,70028744403,Male,14/09/1985,623 ASPEN DR,GRAND PRAIRIE,12384,70022384
1000974619007,Neva,Peterson,70028744404,Female,20/06/1976,421 W BROADWAY,GLENN HEIGHTS,12385,70022385
1000974619008,Jennifer,Hardin,70028744405,Male,23/04/1973,3253 46TH ST,CHICAGO,12386,70022386
1000974619009,Staci,Espinoza,70028744406,Male,07/01/2009,75 STAPLE ST,SPRINGFIELD,12387,70022387
1000974619010,Joseph,Cooper,70028744407,Male,03/12/1952,359 S ARCHWOOD WAY,FINKSBURG,12388,70022388
1000974619011,Charles,Matthews,70028744408,Female,05/06/2006,4702 MILWAUKEE ST,DENVER,12389,70022389
1000974619012,Chifei,Scott,70028744409,Male,26/11/1964,1 WESTBOURNE,DUNNELLON,12390,70022390
1000974619013,Blair,Oconnell,70028744410,Male,01/04/1996,4710 CHESTER AVE,ROCK HILL,12391,70022391
1000974619014,M,Scott,70028744411,Female,05/06/1950,1587 PO BOX,FORT WAYNE,12392,70022392
1000974619015,Tiffany,Miller,70028744412,Female,05/09/1997,109 BANDOR CIR,WAVERLY,12393,70022393
1000974619016,Joann,Donaldson,70028744413,Female,07/11/1968,PO BOX 778,LONG ISLAND,12394,70022394
1000974619017,Tiffany,Alexander,70028744414,Female,31/12/1992,13494 ARTISAN CIR,CLEVELAND,12395,70022395
1000974619018,Alex,Terry,70028744415,Female,06/01/1984,8700 GALBRAITH RD,FREDERICK,12396,70022396
1000974619019,Jennifer,Jimenez,70028744416,Female,05/09/1992,22846 CHESTERVIEW LOOP,PANAMA CITY,12397,70022397
1000974619020,Nicholas,Roman,70028744417,Male,03/02/1996,2922 N CHESTER AVE,PANAMA CITY,12398,70022398
1000974619021,Allison,Wilkerson,70028744418,Male,05/01/1982,1619 ARLINGTON ST,COPPERAS COVE,12399,70022399
1000974619022,Merlinda,Garcia,70028744419,Male,14/05/1961,1504 N STATE ST,DUNNELLON,12400,70022400
1000974619023,Jo,Moreno,70028744420,Male,22/02/1993,,EDEN PRAIRIE,12401,70022401
1000974619024,James,Williams,70028744421,Female,06/03/1948,7250 VANESSA DR,DENVER,12402,70022402
1000974619025,Irene,Christian,70028744422,Male,10/02/1988,272 HIDDEN TRACE CT,CUPERTINO,12403,70022403
1000974619026,Jerry,Pacheco,70028744423,Male,16/12/1995,40 LOEFFLER RD,COAL CREEK,12404,70022404
1000974619027,Paul,Guerrero,70028744424,Female,09/04/1990,,CANTON,12405,70022405
1000974619028,Tim,Henson,70028744425,Male,21/08/1965,43007 LEMONWOOD DR,PIEDMONT,12406,70022406
1000974619029,Jimmy,Ryan,70028744426,Female,16/12/1996,5122 PENNSYLVANIA AVE,BINGHAMTON,12407,70022407
1000974619030,Petra,Gordon,70028744427,Female,21/02/1954,30 ALLEN RD,TUCSON,12408,70022408
1000974619031,Sung,Anderson,70028744428,Male,04/07/1971,110 KENTUCKY AVE,ASTORIA,12409,70022409
1000974619032,Teasia,Garcia,70028744429,Male,27/11/1985,1739 SE LOGANBERRY ST,MC LEAN,12410,70022410
1000974619033,Brandon,Flores,70028744430,Male,01/08/1984,8387 CALGARY DR S,LAND O LAKES,12411,70022411
1000974619034,Henry,Fuller,70028744431,Female,20/07/1983,3700 DURANGO DR,KINGMAN,12412,70022412
1000974619035,Peter,Jones,70028744432,Male,29/09/1996,4409 LYNNVIEW DR,FORT LAUDERDALE,12413,70022413
1000974619036,Caileigh,Curtis,70028744433,Female,19/07/1954,808 PARK PL,WOODBRIDGE,12414,70022414
1000974619037,Melissa,Wagner,70028744434,Female,30/05/1959,2946 N 40TH ST,PORT SULPHUR,12415,70022415
1000974619038,Lisa,Howell,70028744435,Male,17/01/1981,4148 E BROOKS ST,SALEM,12416,70022416
1000974619039,Olawunmi,Miller,70028744436,Male,05/12/1972,1524 BIGGERS RD,YONKERS,12417,70022417
1000974619040,Kuninori,Richards,70028744437,Female,16/02/1995,187 CHICORY RD NE,CANTON,12418,70022418
1000974619041,Andre,Peterson,70028744438,Female,28/03/1955,1630 ROWLAND AVE NE,HANFORD,12419,70022419
1000974619042,George,Chung,70028744439,Male,21/01/1969,7808 EPPING LN,FORT MYERS,12420,70022420
1000974619043,Milton,Snyder,70028744440,Male,02/01/2003,3020 SW 19TH ST,RIVIERA BEACH,12421,70022421
1000974619044,Larry,Salas,70028744441,Female,26/07/1969,2101 VERDE DR,MACON,12422,70022422
1000974619045,Tyler,Jacobs,70028744442,Male,07/03/1948,499 NORTHSIDE CIR NW,ESSEX,12423,70022423
1000974619046,Milton,Jones,70028744443,Male,27/04/1959,14 TRACY DR,ASTORIA,12424,70022424
1000974619047,Stephanie,Williams,70028744444,Female,14/02/1946,398 LANKERSHIM AVE,VISTA,12425,70022425
1000974619048,Crystal,Fritz,70028744445,Female,04/02/1976,2365 WOODS AVE,HENNESSEY,12426,70022426
1000974619049,Brandon,Wright,70028744446,Male,25/05/1958,7312 35TH AVE,LUMBERTON,12427,70022427
1000974619050,Roger,Perez,70028744447,Male,26/10/2006,5 CEDAR ST,HILLSBORO,12428,70022428
1000974619051,Frances,Liu,70028744448,Female,12/10/1972,,JACKSON HEIGHTS,12429,70022429
1000974619052,Milton,Dunn,70028744449,Female,20/03/1961,14402 MAYFAIR DR,MILL RUN,12430,70022430
1000974619053,Anna,Ruiz,70028744450,Male,06/03/1979,28029 73RD AVE NW,KIHEI,12431,70022431
1000974619054,Irene,Smith,70028744451,Female,19/10/1961,10243 ORANGE AVE,MEMPHIS,12432,70022432
1000974619055,Remberto,Wright,70028744452,Female,12/09/1984,1556 ADAMS ST,LADSON,12433,70022433
1000974619056,Telitha,Benjamin,70028744453,Male,13/02/1977,87860 TERRITORIAL RD,FORT WAYNE,12434,70022434
1000974619057,Julli,Espinoza,70028744454,Male,12/10/2000,5534 LORI DR,VENETA,12435,70022435
1000974619058,John,Hunter,70028744455,Male,20/10/1957,879 E DELLBROOK LN,MACON,12436,70022436
1000974619059,James,Haley,70028744456,Female,27/11/1995,,STATEN ISLAND,12437,70022437
1000974619060,Chifei,Jones,70028744457,Male,19/08/1973,801 64TH AVE S,NAPA,12438,70022438
1000974619061,W,Anderson,70028744458,Male,14/01/1998,688 S MITCHELL AVE,NEW ROCHELLE,12439,70022439
1000974619062,W,Lane,70028744459,Female,30/10/1946,2098 ORANGE AVE E,VISTA,12440,70022440
1000974619063,Petra,Park,70028744460,Female,11/12/1977,2500 MANN RD,APACHE JUNCTION,12441,70022441
1000974619064,Charlise,Bird,70028744461,Female,06/02/1977,22174 W LOMA LINDA BLVD,COLUMBUS,12442,70022442
1000974619065,Olivia,Crawford,70028744462,Male,07/03/1976,1105 W 51ST PL,MOBILE,12443,70022443
1000974619066,Jeff,Jones,70028744463,Female,04/08/1995,9 PARK DR N,GRANTS PASS,12444,70022444
1000974619067,Julie,Anderson,70028744464,Male,25/08/1969,15521 SHELL POINT BLVD,EASTON,12445,70022445
1000974619068,Zachary,Reed,70028744465,Male,02/06/1959,2217 ASHLAR VLG,FORT LAUDERDALE,12446,70022446
1000974619069,Brian,Adams,70028744466,Female,01/05/1972,159 HAMPSHIRE RD,SUWANEE,12447,70022447
1000974619070,Li,Dunn,70028744467,Male,02/06/1976,409 DURANT DR,ROSEVILLE,12448,70022448
1000974619071,Adriane,Oliver,70028744468,Female,21/01/2000,,SPARTANBURG,12449,70022449
1000974619072,Linda,Fritz,70028744469,Male,03/11/2001,843 CAREY DR,MC LEAN,12450,70022450
1000974619073,Bova,Escobar,70028744470,Female,18/04/2000,1947 HIBISCUS LN,BAKERSFIELD,12451,70022451
1000974619074,Linda,Patterson,70028744471,Female,18/01/2008,319 ROSS RD,FORT MYERS,12452,70022452
1000974619075,Paul,Freeman,70028744472,Male,01/04/1960,3041 N 2780 RD,BLOOMFIELD,12453,70022453
1000974619076,Marguerite,Scott,70028744473,Male,07/10/1955,1587 MAURICE LN,SAINT LOUIS,12454,70022454
1000974619077,Bee,Garcia,70028744474,Female,15/12/1950,161 E REXFORD DR,BUFFALO GROVE,12455,70022455
1000974619078,Victor,Jackson,70028744475,Female,10/02/2006,6311 HERMES DR,NEW LONDON,12456,70022456
1000974619079,Julie,Potter,70028744476,Male,09/12/1990,2221 CULLEN RD,WALLINGFORD,12457,70022457
1000974619080,Joann,Oconnell,70028744477,Female,18/05/1974,299 S HARRISON ST,BUFFALO,12458,70022458
1000974619081,April,Green,70028744478,Female,15/02/2008,701 MILL ST,LONG ISLAND,12459,70022459
1000974619082,Nicholas,Munoz,70028744479,Male,07/04/1967,4960 PRICE DR,NEW LONDON,12460,70022460
1000974619083,Shazi,Guerrero,70028744480,Male,16/02/1997,1986 BENFORD ST,NEW ULM,12461,70022461
1000974619084,Rachael,Burke,70028744481,Female,17/01/1979,2650 N LAKEVIEW AVE,VENETA,12462,70022462
1000974619085,Joel,Williams,70028744482,Female,25/10/1958,76 THAMES ST,ROCK HILL,12463,70022463
1000974619086,Sterling,Pitts,70028744483,Female,22/08/1955,1111 HIGH KNOLL DR,BUCKEYE,12464,70022464
1000974619087,Mary,Powell,70028744484,Male,04/10/1970,,FINKSBURG,12465,70022465
1000974619088,Mellannei,Murphy,70028744485,Male,20/09/1966,,GREENBRIER,12466,70022466
1000974619089,Li,Singh,70028744486,Female,30/12/1977,3415 ANACONDA DR,CANTON,12467,70022467
1000974619090,Joel,Moore,70028744487,Female,13/10/1959,12817 ROCKSIDE RD,MILWAUKEE,12468,70022468
1000974619091,Mike,Mcgrath,70028744488,Male,10/10/1952,75 WEAVER AVE,AGAWAM,12469,70022469
1000974619092,James,Johnson,70028744489,Female,18/10/1963,47-381 HUI KOLOA PL,HENNESSEY,12470,70022470
1000974619093,Jo,Torres,70028744490,Female,17/03/1983,446 PUTNUM FOREST RD,GARDENA,12471,70022471
1000974619094,George,Martin,70028744491,Female,12/04/1967,139 EMERSON PL,SOUTH GATE,12472,70022472
1000974619095,Bee,Lawson,70028744492,Female,08/10/1961,,AUSTIN,12473,70022473
1000974619096,Jeff,Scott,70028744493,Male,08/01/2004,300 GRAND ST,COLUMBUS,12474,70022474
1000974619097,Devondrick,Manning,70028744494,Female,12/06/1954,1177 STARK PL,FAYETTEVILLE,12475,70022475
1000974619098,Merlinda,Whitaker,70028744495,Female,15/05/1970,613 BAMDAL ST,SAN DIEGO,12476,70022476
1000974619099,Charles,Thomas,70028744496,Male,25/09/1969,,PALM BEACH GARDENS,12477,70022477
1000974619100,Gary,Montoya,70028744497,Female,11/08/1947,301 E MILTON ST,SAN DIEGO,12478,70022478
1000974619101,Francine,Walker,70028744498,Female,26/08/1972,2027 CIRCLE WAY,SUWANEE,12479,70022479
1000974619102,Joel,Fletcher,70028744499,Female,23/04/2005,,LOS ANGELES,12480,70022480
1000974619103,Ann,Hardin,70028744500,Male,27/09/2002,4346 JAN WAY,GREENVILLE,12481,70022481
1000974619104,James,Schwartz,70028744501,Female,21/07/1979,112 STEPHENSON BLVD,SAINT PAUL,12482,70022482
1000974619105,Melissa,Ruiz,70028744502,Male,01/01/1951,205 BARNHILL RD,RIVIERA BEACH,12483,70022483
1000974619106,Randall,Johnson,70028744503,Female,05/03/2006,1712 GOAT ISLAND RD,ALTOONA,12484,70022484
1000974619107,Gloria,Walker,70028744504,Male,22/09/1994,2651 MERIDIAN LAKE DR,BROOKLYN,12485,70022485
1000974619108,Maledon,Rivera,70028744505,Female,08/07/1969,14403 SONNENBURG DR,SOUTH GATE,12486,70022486
1000974619109,Randall,Harmon,70028744506,Female,30/11/1950,,NEW ULM,12487,70022487
1000974619110,Erika,Schneider,70028744507,Male,01/09/1995,24416 STATE HWY N,SAN JOSE,12488,70022488
1000974619111,Amber,Williams,70028744508,Male,21/06/1998,,NAPA,12489,70022489
1000974619112,Jeff,Bradley,70028744509,Female,27/01/1986,4450 E CAMELBACK RD,LOUISVILLE,12490,70022490
1000974619113,Lucy,Castro,70028744510,Male,26/06/1985,2248 WILLOW TREE DR,BINGHAMTON,12491,70022491
1000974619114,Jeff,Baker,70028744511,Male,05/10/1981,149 TREASURE PALM DR,ROCK HILL,12492,70022492
1000974619115,Cathleen,Fischer,70028744512,Female,27/10/1996,2770 BARDIN RD,MONTEVALLO,12493,70022493
1000974619116,Ingrid,Dunn,70028744513,Male,26/03/1979,130 SPENCER ST,STANWOOD,12494,70022494
1000974619117,Julli,Webb,70028744514,Female,25/12/1984,306 DAVIS ST,FORT LAUDERDALE,12495,70022495
1000974619118,Yliana,Chung,70028744515,Female,11/12/2005,,PIEDMONT,12496,70022496
1000974619119,Howard,Brown,70028744516,Female,03/07/1989,10142 W WOOD ST,HOBOKEN,12497,70022497
1000974619120,Michael,Richards,70028744517,Female,06/10/1950,13315 NASSAU DR,HIGHLAND,12498,70022498
1000974619121,Mary,Griffith,70028744518,Male,17/09/2000,7899 PORTOFINO CT,YONKERS,12499,70022499
1000974619122,Bova,Wallace,70028744519,Female,20/06/1954,1495 ADAMS PL,STOWE,12500,70022500
1000974619123,Gloria,Brown,70028744520,Female,02/11/1985,202 N WETHERLY DR,DALLAS,12501,70022501
1000974619124,Jeff,Miller,70028744521,Male,09/10/1959,298 BASS LAKE RD,AVERILL PARK,12502,70022502